Went to bed;Woke up;Sleep Quality;Time in bed (seconds);Time asleep (seconds);Asleep after (seconds);Regularity;Did snore;Snore time (seconds);Coughing (per hour);City;Alertness score;Alertness reaction time (seconds);Alertness accuracy;Movements per hour;Wake up window start;Wake up window stop
2022-11-15 23:27:45;2022-11-16 08:27:09;92%;32363;28695;647;—;false;0;0.0;;;;;58.36927;22-11-16 04:10:00;22-11-16 04:30:00
2022-11-16 23:30:41;2022-11-17 08:26:09;92%;32128;29450;642;99%;false;0;0.22410358;;;;;69.80857;22-11-17 04:10:00;22-11-17 04:30:00
2022-11-17 23:43:25;2022-11-18 07:29:45;80%;27979;22197;3450;95%;false;0;0.0;;;;;78.39331;22-11-18 03:15:00;22-11-18 03:35:00
2022-11-19 02:13:04;2022-11-19 10:37:09;86%;30245;26716;2117;81%;false;0;0.0;;;;;53.057163;;
2022-11-20 02:04:31;2022-11-20 09:08:23;88%;25432;23058;508;77%;false;0;0.14155394;;;;;194.41591;22-11-20 05:40:00;22-11-20 06:00:00
2022-11-21 00:11:00;2022-11-21 08:56:19;90%;31518;24269;3467;74%;false;0;0.0;;;;;59.038597;22-11-21 04:20:00;22-11-21 04:40:00
2022-11-21 23:45:08;2022-11-22 07:26:49;80%;27701;24284;554;84%;false;0;0.0;;;;;64.17491;22-11-22 03:15:00;22-11-22 03:35:00
2022-11-22 23:48:03;2022-11-23 08:50:02;91%;32518;28399;650;85%;false;0;0.0;;;;;63.46373;22-11-23 04:50:00;22-11-23 05:10:00
2022-11-23 23:48:40;2022-11-24 08:19:22;90%;30642;26658;612;89%;false;0;0.0;;;;;62.79264;22-11-24 04:10:00;22-11-24 04:30:00
2022-11-24 23:33:27;2022-11-25 07:30:08;82%;28600;23356;572;92%;false;0;0.0;;;;;64.5974;22-11-25 03:15:00;22-11-25 03:35:00
2022-11-26 00:30:13;2022-11-26 08:28:53;82%;28719;25560;1531;90%;false;0;0.0;;;;;68.13889;22-11-26 04:50:00;22-11-26 05:10:00
2022-11-26 23:37:40;2022-11-27 08:30:10;90%;31949;29926;638;89%;false;0;0.0;;;;;87.964355;22-11-27 04:10:00;22-11-27 04:30:00
2022-11-27 23:45:45;2022-11-28 08:09:15;87%;30209;27390;604;91%;false;0;0.0;;;;;77.59681;22-11-28 03:50:00;22-11-28 04:10:00
2022-11-28 23:30:30;2022-11-29 07:33:42;84%;28992;23870;1739;94%;false;0;0.0;;;;;65.898964;22-11-29 03:15:00;22-11-29 03:35:00
2022-11-29 23:49:18;2022-11-30 08:34:37;90%;31519;28682;630;93%;false;0;0.0;;;;;76.27143;22-11-30 04:40:00;22-11-30 05:00:00
2022-11-30 23:28:43;2022-12-01 08:17:07;90%;31704;25257;1690;—;false;0;0.22710069;;;;;76.05063;22-12-01 03:50:00;22-12-01 04:10:00
2022-12-01 23:25:18;2022-12-02 07:55:31;89%;30612;22857;612;93%;false;0;0.2352019;;;;;181.63013;22-12-02 03:15:00;22-12-02 03:35:00
2022-12-03 01:16:11;2022-12-03 09:23:00;84%;29208;22295;3504;88%;false;0;0.0;;;;;86.06139;;
2022-12-04 00:32:44;2022-12-04 09:08:21;89%;30937;25471;3815;87%;false;0;0.11636552;;;;;92.83069;22-12-04 04:35:00;22-12-04 04:55:00
2022-12-04 23:28:36;2022-12-05 08:45:15;91%;33399;31172;667;84%;false;0;0.0;;;;;66.36461;22-12-05 04:25:00;22-12-05 04:45:00
2022-12-05 23:21:13;2022-12-06 07:33:01;85%;29508;24098;590;90%;false;0;0.0;;;;;97.72348;22-12-06 03:15:00;22-12-06 03:35:00
2022-12-06 23:39:34;2022-12-07 09:23:51;91%;35057;31668;701;86%;false;0;0.0;;;;;198.68399;22-12-07 04:10:00;22-12-07 04:30:00
2022-12-08 00:44:54;2022-12-08 08:17:37;82%;27162;22273;2263;84%;false;0;0.0;;;;;75.285194;22-12-08 04:10:00;22-12-08 04:30:00
2022-12-08 23:29:32;2022-12-09 07:30:16;84%;28844;22306;576;82%;false;0;0.0;;;;;105.303024;22-12-09 03:15:00;22-12-09 03:35:00
2022-12-10 02:26:48;2022-12-10 10:40:07;85%;29598;27329;591;71%;false;0;0.24325968;;;;;88.61714;22-12-10 06:40:00;22-12-10 07:00:00
2022-12-11 00:06:47;2022-12-11 08:55:18;90%;31710;26954;1162;66%;false;0;0.0;;;;;76.82828;22-12-11 04:40:00;22-12-11 05:00:00
2022-12-11 23:59:02;2022-12-12 09:28:07;92%;34144;31640;682;70%;false;0;0.105435796;;;;;291.46313;22-12-12 03:40:00;22-12-12 04:00:00
2022-12-12 23:22:37;2022-12-13 07:30:17;87%;29260;24871;1365;80%;false;0;0.24606971;;;;;63.15774;22-12-13 03:15:00;22-12-13 03:35:00
2022-12-13 23:50:04;2022-12-14 08:41:35;92%;31891;28170;1381;86%;false;0;0.0;;;;;75.357124;22-12-14 04:30:00;22-12-14 04:50:00
2022-12-14 23:40:18;2022-12-15 08:27:17;92%;31618;25505;2107;87%;false;0;0.0;;;;;82.27928;22-12-15 04:10:00;22-12-15 04:30:00
2022-12-15 23:58:42;2022-12-16 09:07:21;93%;32918;26335;3950;92%;false;0;0.0;;;;;92.60799;22-12-16 04:30:00;22-12-16 04:50:00
2022-12-17 00:28:44;2022-12-17 09:49:07;95%;33623;31493;672;93%;false;0;0.0;;;;;75.258736;22-12-17 05:40:00;22-12-17 06:00:00
2022-12-18 00:40:21;2022-12-18 08:39:52;86%;28770;19947;3068;90%;false;0;0.0;;;;;72.287735;22-12-18 04:53:51;22-12-18 05:20:00
2022-12-19 00:06:30;2022-12-19 08:40:14;95%;30823;25172;1643;91%;false;0;0.0;;;;;44.314827;22-12-19 04:15:07;22-12-19 04:40:00
2022-12-19 23:33:25;2022-12-20 07:35:42;86%;28937;24017;4340;90%;false;0;0.0;;;;;71.62898;22-12-20 03:14:15;22-12-20 03:40:00
2022-12-21 00:36:56;2022-12-21 08:43:22;90%;29186;22375;1848;88%;false;0;0.0;;;;;51.70138;22-12-21 04:34:17;22-12-21 05:00:00
2022-12-22 00:47:50;2022-12-22 08:54:02;88%;29172;24212;1264;88%;true;130;0.0;;;;;61.950405;22-12-22 04:48:39;22-12-22 05:15:00
2022-12-23 00:51:05;2022-12-23 08:58:23;83%;29237;23682;3605;93%;false;0;0.36939496;;;;;91.30869;22-12-23 05:33:23;22-12-23 06:00:00
2022-12-24 00:43:17;2022-12-24 10:20:42;92%;34644;32565;692;94%;false;0;0.0;;;;;91.53567;;
2022-12-25 00:50:45;2022-12-25 09:10:20;85%;29975;26877;599;92%;false;0;0.0;;;;;92.66299;;
2022-12-26 00:28:39;2022-12-26 10:06:37;92%;34678;32482;693;89%;false;0;0.10381221;;;;;90.15477;;
2022-12-27 00:08:32;2022-12-27 09:21:46;98%;33194;25559;2434;90%;false;0;0.0;;;;;60.458393;;
2022-12-28 00:33:03;2022-12-28 09:58:06;94%;33902;31755;678;91%;false;0;0.10618843;;;;;81.72912;;
2022-12-29 00:22:11;2022-12-29 09:17:25;93%;32114;24727;2033;92%;false;0;0.0;;;;;81.6558;22-12-29 05:03:26;22-12-29 05:30:00
2022-12-30 01:57:23;2022-12-30 10:13:53;88%;29789;24924;2482;88%;false;0;0.0;;;;;71.8634;22-12-30 06:05:09;22-12-30 06:30:00
2022-12-31 00:13:30;2022-12-31 09:25:13;93%;33103;27806;4082;84%;false;0;0.0;;;;;82.4798;22-12-31 05:04:17;22-12-31 05:30:00
2023-01-01 00:59:57;2023-01-01 10:12:20;94%;33143;28945;2651;—;false;0;0.0;;;;;80.92029;23-01-01 06:07:02;23-01-01 06:30:00
2023-01-02 00:03:43;2023-01-02 09:26:54;87%;33790;27145;5969;84%;false;0;0.0;;;;;108.805435;23-01-02 05:05:14;23-01-02 05:30:00
2023-01-02 23:47:54;2023-01-03 08:49:40;97%;32506;26980;3250;89%;false;0;0.0;;;;;68.42073;23-01-03 04:31:36;23-01-03 04:55:00
2023-01-03 23:53:41;2023-01-04 08:48:04;95%;32063;24367;2671;92%;false;0;0.0;;;;;70.680885;23-01-04 04:26:05;23-01-04 04:50:00
2023-01-04 23:47:23;2023-01-05 08:49:59;74%;32556;26913;651;97%;false;0;0.4423148;;;;;160.45363;23-01-05 04:45:33;23-01-05 05:10:00
2023-01-06 02:25:25;2023-01-06 09:41:50;79%;26184;22693;872;90%;false;0;0.13748854;;;;;59.443275;;
2023-01-07 00:03:05;2023-01-07 08:50:09;94%;31623;28250;632;81%;false;0;0.1138412;;;;;77.5329;23-01-07 04:49:23;23-01-07 05:15:00
2023-01-07 23:26:29;2023-01-08 08:25:36;91%;32347;30298;646;78%;false;0;0.0;;;;;108.75242;23-01-08 04:23:20;23-01-08 04:50:00
2023-01-08 23:56:43;2023-01-09 08:45:02;94%;31699;28423;633;86%;false;0;0.0;;;;;77.73235;23-01-09 04:25:38;23-01-09 04:50:00
2023-01-09 23:58:23;2023-01-10 08:17:44;86%;29960;25566;1198;94%;false;0;0.0;;;;;93.59105;23-01-10 04:06:59;23-01-10 04:30:00
2023-01-10 23:36:59;2023-01-11 08:41:56;97%;32697;27247;3051;94%;false;0;0.0;;;;;71.02234;23-01-11 04:26:28;23-01-11 04:50:00
2023-01-11 23:55:25;2023-01-12 08:51:17;93%;32152;28508;643;—;false;0;0.111968145;;;;;87.51472;23-01-12 04:27:33;23-01-12 04:50:00
2023-01-12 23:28:50;2023-01-13 07:36:38;85%;29267;26047;585;86%;false;0;0.0;;;;;86.94076;23-01-13 03:20:00;23-01-13 03:40:00
2023-01-14 00:05:29;2023-01-14 08:42:25;93%;31016;26570;620;89%;false;0;0.0;;;;;68.510414;23-01-14 04:40:00;23-01-14 05:00:00
2023-01-15 00:35:40;2023-01-15 09:21:35;94%;31555;29451;631;87%;false;0;0.0;;;;;72.42753;23-01-15 05:00:00;23-01-15 05:20:00
2023-01-15 23:34:15;2023-01-16 08:32:10;91%;32275;30230;645;87%;false;0;0.0;;;;;102.717575;23-01-16 04:15:00;23-01-16 04:35:00
2023-01-16 23:28:57;2023-01-17 08:22:32;91%;32014;27852;640;91%;false;0;0.0;;;;;99.54705;23-01-17 04:05:00;23-01-17 04:25:00
2023-01-17 23:17:44;2023-01-18 07:00:09;85%;27744;21825;2404;90%;false;0;0.0;;;;;57.419926;23-01-18 04:00:00;23-01-18 04:20:00
2023-01-19 00:17:38;2023-01-19 08:51:03;92%;30804;25567;2772;87%;false;0;0.0;;;;;71.03478;23-01-19 04:40:00;23-01-19 05:00:00
2023-01-19 23:38:01;2023-01-20 07:35:44;83%;28662;25509;573;82%;false;0;0.0;;;;;89.1412;23-01-20 03:30:00;23-01-20 03:50:00
2023-01-20 23:44:00;2023-01-21 06:23:02;70%;23942;18276;478;83%;false;0;0.0;;;;;82.10159;23-01-21 02:30:00;23-01-21 02:50:00
2023-01-22 03:19:21;2023-01-22 10:56:57;83%;27456;24710;549;68%;false;0;0.0;;;;;60.544765;;
2023-01-24 00:13:20;2023-01-24 08:57:34;94%;31453;26526;629;45%;false;0;0.0;;;;;65.77036;23-01-24 04:40:00;23-01-24 05:00:00
2023-01-24 23:53:07;2023-01-25 08:29:11;93%;30964;27764;619;75%;false;0;0.0;;;;;63.071342;23-01-25 04:20:00;23-01-25 04:40:00
2023-01-26 00:08:49;2023-01-26 08:45:19;91%;30989;25721;619;94%;false;0;0.0;;;;;77.475136;23-01-26 04:35:00;23-01-26 04:55:00
2023-01-27 01:37:14;2023-01-27 09:44:16;86%;29222;26202;1461;89%;false;0;0.0;;;;;74.161896;23-01-27 05:55:00;23-01-27 06:15:00
2023-01-28 01:07:05;2023-01-28 09:47:03;87%;31198;26518;4679;90%;false;0;0.0;;;;;99.87568;23-01-28 05:40:00;23-01-28 06:00:00
2023-01-29 00:34:15;2023-01-29 07:36:01;78%;25305;22859;506;84%;false;0;0.0;;;;;46.606953;23-01-29 05:10:00;23-01-29 05:30:00
2023-01-30 00:07:41;2023-01-30 09:08:39;90%;32458;29212;649;85%;false;0;0.0;;;;;101.30274;23-01-30 04:50:00;23-01-30 05:10:00
2023-01-30 23:45:42;2023-01-31 08:20:48;94%;30905;27093;1030;84%;false;0;0.0;;;;;56.178173;23-01-31 04:10:00;23-01-31 04:30:00
2023-01-31 23:15:48;2023-02-01 07:43:32;89%;30463;25995;609;88%;false;0;0.0;;;;;77.21267;23-02-01 03:30:00;23-02-01 03:50:00
2023-02-02 01:45:56;2023-02-02 10:10:14;91%;30257;24710;1311;—;false;0;0.0;;;;;60.389404;23-02-02 05:50:00;23-02-02 06:10:00
2023-02-02 23:45:59;2023-02-03 09:30:01;96%;35042;32706;700;76%;false;0;0.0;;;;;70.10262;23-02-03 04:35:00;23-02-03 04:55:00
2023-02-03 23:58:48;2023-02-04 09:28:05;93%;34156;29147;3643;78%;false;0;0.0;;;;;86.47967;23-02-04 05:00:00;23-02-04 05:20:00
2023-02-04 23:49:58;2023-02-05 08:28:16;93%;31097;28402;621;89%;false;0;0.0;;;;;63.14221;23-02-05 04:40:00;23-02-05 05:00:00
2023-02-05 23:26:50;2023-02-06 08:49:56;94%;33786;30857;675;94%;false;0;0.0;;;;;78.506424;23-02-06 04:20:00;23-02-06 04:40:00
2023-02-06 23:28:55;2023-02-07 08:28:31;96%;32375;30001;755;94%;false;0;0.0;;;;;67.67557;23-02-07 04:25:00;23-02-07 04:45:00
2023-02-07 23:32:45;2023-02-08 08:39:37;93%;32811;30296;656;96%;false;0;0.109719306;;;;;82.0701;23-02-08 04:20:00;23-02-08 04:40:00
2023-02-08 23:26:07;2023-02-09 08:55:03;95%;34135;31973;682;97%;false;0;0.0;;;;;74.36838;23-02-09 04:20:00;23-02-09 04:40:00
2023-02-09 23:26:19;2023-02-10 08:26:17;94%;32397;27105;647;—;false;0;0.0;;;;;77.007904;23-02-10 04:10:00;23-02-10 04:30:00
2023-02-10 23:28:05;2023-02-11 08:16:00;94%;31675;27029;633;97%;false;0;0.0;;;;;66.497665;23-02-11 04:20:00;23-02-11 04:40:00
2023-02-11 23:09:13;2023-02-12 07:59:23;96%;31810;27780;636;96%;false;0;0.0;;;;;56.767715;23-02-12 03:40:00;23-02-12 04:00:00
2023-02-12 23:01:55;2023-02-13 07:40:34;91%;31119;28318;622;97%;false;0;0.0;;;;;72.8964;23-02-13 03:20:00;23-02-13 03:40:00
2023-02-13 23:32:56;2023-02-14 08:12:20;92%;31163;27631;623;94%;false;0;0.0;;;;;68.81403;23-02-14 04:40:00;23-02-14 05:00:00
2023-02-14 23:38:28;2023-02-15 08:23:45;89%;31517;29311;630;95%;false;0;0.0;;;;;90.86385;23-02-15 04:20:00;23-02-15 04:40:00
2023-02-15 23:54:42;2023-02-16 09:24:52;96%;34209;29419;4789;93%;false;0;0.0;;;;;68.21085;23-02-16 04:50:00;23-02-16 05:10:00
2023-02-17 00:13:02;2023-02-17 09:08:47;95%;32144;30001;642;94%;false;0;0.0;;;;;70.09;23-02-17 05:00:00;23-02-17 05:20:00
2023-02-17 23:13:14;2023-02-18 08:39:21;98%;33966;29890;679;91%;false;0;0.0;;;;;56.750072;23-02-18 04:09:57;23-02-18 04:35:00
2023-02-18 23:16:44;2023-02-19 08:23:56;91%;32832;28563;656;93%;false;0;0.0;;;;;92.72777;23-02-19 04:04:38;23-02-19 04:30:00
2023-02-19 23:13:19;2023-02-20 08:29:13;86%;33354;29685;667;95%;false;0;0.0;;;;;117.75356;23-02-20 04:04:11;23-02-20 04:30:00
2023-02-20 23:48:34;2023-02-21 08:01:36;81%;29581;23862;3352;96%;false;0;0.0;;;;;100.87747;23-02-21 04:20:51;23-02-21 04:45:00
2023-02-21 23:38:28;2023-02-22 08:40:21;90%;32512;28394;4118;94%;false;0;0.0;;;;;96.48252;23-02-22 03:57:34;23-02-22 04:20:00
2023-02-22 23:35:19;2023-02-23 08:17:26;90%;31327;24853;6474;94%;false;0;0.0;;;;;83.5296;23-02-23 04:11:02;23-02-23 04:35:00
2023-02-23 23:23:11;2023-02-24 08:19:02;92%;32150;23148;3965;—;false;0;0.0;;;;;84.43429;23-02-24 04:05:04;23-02-24 04:30:00
2023-02-24 23:04:57;2023-02-25 07:40:59;96%;30961;27452;928;96%;false;0;0.0;;;;;47.62536;23-02-25 03:33:53;23-02-25 04:00:00
2023-02-27 00:29:57;2023-02-27 08:48:36;93%;29919;25531;598;85%;false;0;0.0;;;;;47.568077;23-02-27 04:36:34;23-02-27 05:00:00
2023-02-28 01:21:48;2023-02-28 09:22:44;85%;28856;23854;673;83%;false;0;0.0;;;;;68.970184;23-02-28 05:54:03;23-02-28 06:20:00
2023-03-01 00:02:42;2023-03-01 09:26:35;92%;33833;31465;676;88%;false;0;0.10640498;;;;;85.473495;;
2023-03-01 23:39:18;2023-03-02 09:24:06;93%;35088;32865;701;91%;false;0;0.0;;;;;81.19564;;
2023-03-02 23:37:04;2023-03-03 09:19:57;86%;34972;28910;2098;95%;false;0;0.20587899;;;;;113.716774;23-03-03 05:05:19;23-03-03 05:30:00
2023-03-04 00:41:58;2023-03-04 09:38:10;90%;32172;29920;643;95%;false;0;0.11189855;;;;;93.05762;;
2023-03-05 01:22:14;2023-03-05 10:13:13;90%;31858;29628;637;92%;false;0;0.0;;;;;88.68401;;
2023-03-06 00:48:19;2023-03-06 09:42:43;91%;32063;28536;1068;90%;false;0;0.112278946;;;;;87.69327;;
2023-03-07 00:36:32;2023-03-07 10:36:48;88%;36016;33615;720;90%;false;0;0.09995558;;;;;102.449066;;
2023-03-08 00:13:42;2023-03-08 10:11:56;86%;35894;33142;717;92%;true;283;0.20059064;;;;;112.8191;;
2023-03-09 00:30:08;2023-03-09 10:09:13;86%;34744;29533;3358;94%;true;121;0.103615016;;;;;115.63295;;
2023-03-10 00:50:01;2023-03-10 01:41:50;11%;3108;0;3108;72%;false;0;0.0;;;;;1.0;;
2023-03-10 01:42:12;2023-03-10 09:15:49;78%;27216;22408;544;91%;false;0;0.13227513;;;;;80.91993;23-03-10 05:37:57;23-03-10 06:00:00
2023-03-11 00:21:47;2023-03-11 10:08:59;91%;35231;26540;4227;87%;false;0;0.10218273;;;;;91.32439;23-03-11 05:37:29;23-03-11 06:00:00
2023-03-12 01:54:06;2023-03-12 10:17:42;86%;30215;25985;2014;83%;true;73;0.0;;;;;83.78529;;
2023-03-13 01:40:56;2023-03-13 11:19:56;95%;34740;30339;2779;86%;false;0;0.103626944;;;;;73.09843;;
2023-03-14 01:13:27;2023-03-14 02:28:08;15%;4480;0;4480;66%;false;0;0.0;;;;;1.0;23-03-14 06:05:38;23-03-14 06:30:00
2023-03-14 03:46:34;2023-03-14 10:27:21;71%;24047;17794;2324;84%;false;0;0.29941365;;;;;71.26053;23-03-14 06:04:18;23-03-14 06:30:00
2023-03-15 01:41:51;2023-03-15 10:27:35;89%;31543;28389;630;82%;false;0;0.0;;;;;87.4267;23-03-15 06:03:14;23-03-15 06:30:00
2023-03-16 01:13:03;2023-03-16 09:59:10;94%;31566;25463;4314;83%;true;252;0.11404676;;;;;64.34348;23-03-16 05:47:14;23-03-16 06:10:00
2023-03-17 01:43:01;2023-03-17 09:49:42;85%;29200;23360;2044;90%;false;0;0.0;;;;;75.08345;23-03-17 05:03:40;23-03-17 05:30:00
2023-03-17 23:27:28;2023-03-18 08:06:49;86%;31160;27109;623;84%;false;0;0.0;;;;;96.05571;23-03-18 04:05:40;23-03-18 04:30:00
2023-03-24 01:01:18;2023-03-24 08:52:23;76%;28265;23931;4333;—;false;0;0.127366;;;;;108.20517;23-03-24 05:35:09;23-03-24 06:00:00
2023-03-24 23:29:37;2023-03-25 07:01:45;45%;27128;24777;542;72%;false;0;0.26540843;;;;;249.78482;23-03-25 02:42:56;23-03-25 03:05:00
2023-03-26 01:23:59;2023-03-26 09:55:37;76%;27097;21045;541;70%;false;0;0.0;;;;;90.039375;23-03-26 04:36:30;23-03-26 05:00:00
2023-03-27 01:28:06;2023-03-27 10:16:24;92%;31698;26415;2852;77%;false;0;0.0;;;;;78.28742;23-03-27 04:35:44;23-03-27 05:00:00
2023-03-28 01:15:06;2023-03-28 10:03:42;89%;31716;26853;634;85%;false;0;0.0;;;;;90.967514;23-03-28 04:41:26;23-03-28 05:05:00
2023-03-29 00:48:33;2023-03-29 09:29:58;86%;31285;27322;1772;92%;false;0;0.0;;;;;101.08576;23-03-29 04:18:04;23-03-29 04:45:00
2023-03-30 00:49:59;2023-03-30 09:38:18;85%;31698;28423;1162;96%;false;0;0.11357183;;;;;109.197395;23-03-30 03:58:32;23-03-30 04:25:00
2023-03-31 00:24:27;2023-03-31 09:22:28;96%;32281;27654;3012;95%;false;0;0.0;;;;;66.90536;23-03-31 04:02:15;23-03-31 04:25:00
2023-04-01 00:32:40;2023-04-01 09:18:23;90%;31542;24602;3679;97%;false;0;0.0;;;;;85.8498;23-04-01 03:55:48;23-04-01 04:20:00
2023-04-02 00:54:54;2023-04-02 09:39:16;92%;31462;24435;4194;—;false;0;0.0;;;;;77.664604;23-04-02 04:23:11;23-04-02 04:50:00
2023-04-03 00:58:36;2023-04-03 09:18:31;85%;29995;27395;599;96%;true;1329;0.0;;;;;85.40426;23-04-03 03:56:35;23-04-03 04:20:00
2023-04-04 00:13:51;2023-04-04 09:10:20;93%;32188;26501;3755;94%;false;0;0.0;;;;;80.34315;23-04-04 03:52:44;23-04-04 04:15:00
2023-04-05 00:23:43;2023-04-05 08:15:34;87%;28310;22270;943;93%;false;0;0.0;;;;;52.158222;23-04-05 03:06:42;23-04-05 03:30:00
2023-04-06 00:02:51;2023-04-06 08:19:40;89%;29809;24642;2384;93%;false;0;0.0;;;;;67.842804;23-04-06 02:58:49;23-04-06 03:25:00
2023-04-07 23:53:51;2023-04-08 08:34:50;90%;31259;26049;1146;97%;false;0;0.0;;;;;80.42175;23-04-08 03:10:24;23-04-08 03:35:00
2023-04-08 22:57:00;2023-04-09 07:49:35;95%;31955;24925;1917;91%;false;0;0.0;;;;;66.578;23-04-09 02:35:00;23-04-09 02:55:00
2023-04-09 23:12:42;2023-04-10 08:22:16;93%;32974;29567;659;90%;false;0;0.0;;;;;81.88743;23-04-10 03:01:22;23-04-10 03:25:00
2023-04-10 23:26:56;2023-04-11 08:13:30;92%;31594;25906;631;92%;false;0;0.0;;;;;76.32066;23-04-11 03:01:39;23-04-11 03:25:00
2023-04-11 23:30:11;2023-04-12 08:37:45;85%;32853;30335;657;95%;false;0;0.109579034;;;;;116.76396;23-04-12 02:59:57;23-04-12 03:25:00
2023-04-12 23:08:09;2023-04-13 07:40:59;91%;30770;26359;615;94%;false;0;0.0;;;;;71.77293;23-04-13 02:28:17;23-04-13 02:55:00
2023-04-14 00:10:19;2023-04-14 08:36:45;86%;30386;26942;1316;90%;false;0;0.0;;;;;87.33567;23-04-14 03:43:34;23-04-14 04:10:00
2023-04-15 04:18:34;2023-04-15 10:46:47;65%;23293;18168;465;73%;false;0;0.30910575;;;;;95.34552;23-04-15 09:55:22;23-04-15 10:20:00
2023-04-16 00:58:57;2023-04-16 09:40:27;95%;31290;24614;1043;65%;false;0;0.0;;;;;62.086308;23-04-16 04:35:46;23-04-16 05:00:00
2023-04-17 00:03:03;2023-04-17 08:56:06;99%;31983;26119;639;66%;false;0;0.0;;;;;51.885654;23-04-17 03:03:16;23-04-17 03:30:00
2023-04-17 23:40:01;2023-04-18 08:28:10;96%;31689;28097;633;81%;false;0;0.0;;;;;63.248795;23-04-18 03:14:00;23-04-18 03:40:00
2023-04-18 23:30:56;2023-04-19 08:24:32;96%;32016;27320;640;92%;false;0;0.0;;;;;64.52572;23-04-19 03:04:05;23-04-19 03:30:00
2023-04-19 23:16:03;2023-04-20 07:40:58;90%;30294;26356;605;94%;false;0;0.0;;;;;69.261475;23-04-20 02:26:17;23-04-20 02:50:00
2023-04-20 23:25:17;2023-04-21 07:50:36;88%;30318;27791;606;96%;false;0;0.11874133;;;;;79.19175;23-04-21 02:26:49;23-04-21 02:50:00
2023-04-22 00:47:41;2023-04-22 09:29:53;93%;31331;28616;1357;88%;false;0;0.0;;;;;67.30841;23-04-22 04:33:23;23-04-22 05:00:00
2023-04-23 00:47:28;2023-04-23 08:56:59;88%;29371;25944;587;89%;false;0;0.0;;;;;65.60864;23-04-23 04:03:12;23-04-23 04:30:00
2023-04-24 00:01:38;2023-04-24 08:43:03;91%;31285;25445;625;87%;false;0;0.11507112;;;;;76.49611;23-04-24 03:37:03;23-04-24 04:00:00
2023-04-24 23:59:11;2023-04-25 08:39:52;89%;31241;21869;1457;95%;false;0;0.0;;;;;84.084656;23-04-25 03:06:33;23-04-25 03:30:00
2023-04-25 23:41:19;2023-04-26 08:31:47;96%;31828;27690;636;96%;false;0;0.0;;;;;62.634373;23-04-26 03:16:38;23-04-26 03:40:00
2023-04-26 23:23:20;2023-04-27 07:45:31;90%;30131;26314;602;96%;false;0;0.0;;;;;67.68062;23-04-27 02:28:19;23-04-27 02:55:00
2023-04-27 23:09:21;2023-04-28 07:48:53;94%;31171;22859;3844;95%;false;0;0.0;;;;;63.850315;23-04-28 02:30:41;23-04-28 02:55:00
2023-04-28 23:48:31;2023-04-29 08:37:24;95%;31733;24011;634;92%;false;0;0.0;;;;;63.3063;23-04-29 03:37:55;23-04-29 04:00:00
2023-04-30 00:03:14;2023-04-30 08:19:02;91%;29748;22410;1586;94%;false;0;0.0;;;;;56.077263;23-04-30 03:34:50;23-04-30 04:00:00
2023-05-01 00:31:03;2023-05-01 09:11:29;93%;31225;27582;1249;91%;false;0;0.0;;;;;68.918;23-05-01 04:03:53;23-05-01 04:30:00
2023-05-01 23:37:39;2023-05-02 08:43:03;90%;32723;30432;654;91%;false;0;0.0;;;;;93.44689;23-05-02 03:33:02;23-05-02 04:00:00
2023-05-02 23:56:32;2023-05-03 08:33:49;95%;31036;27622;620;91%;false;0;0.0;;;;;55.072113;23-05-03 03:36:56;23-05-03 04:00:00
2023-05-03 23:43:56;2023-05-04 07:47:25;89%;29009;23303;2417;92%;false;0;0.0;;;;;57.272774;23-05-04 02:40:00;23-05-04 03:00:00
2023-05-04 23:34:37;2023-05-05 08:01:09;86%;30391;23806;607;95%;false;0;0.0;;;;;84.2506;23-05-05 03:00:00;23-05-05 03:20:00
2023-05-06 00:40:10;2023-05-06 08:45:41;86%;29131;27091;582;91%;false;0;0.0;;;;;71.65272;23-05-06 04:17:25;23-05-06 04:40:00
2023-05-07 00:31:13;2023-05-07 08:55:35;86%;30261;24209;605;93%;false;0;0.11896501;;;;;84.23677;23-05-07 04:06:50;23-05-07 04:30:00
2023-05-08 00:24:31;2023-05-08 08:54:32;84%;30601;24786;612;94%;false;0;0.117643215;;;;;94.844826;23-05-08 04:01:33;23-05-08 04:25:00
2023-05-08 23:44:10;2023-05-09 08:28:29;86%;31459;28417;629;96%;false;0;0.11443466;;;;;96.95725;23-05-09 03:35:40;23-05-09 04:00:00
2023-05-09 23:34:46;2023-05-10 08:29:00;94%;32054;28848;641;96%;false;0;0.0;;;;;71.80073;23-05-10 03:08:24;23-05-10 03:35:00
2023-05-11 00:17:43;2023-05-11 08:18:57;78%;28874;25987;1251;94%;false;0;0.0;;;;;102.079315;23-05-11 03:54:46;23-05-11 04:20:00
2023-05-11 23:49:34;2023-05-12 08:04:01;86%;29667;25810;890;95%;false;0;0.0;;;;;78.49615;23-05-12 03:01:44;23-05-12 03:25:00
2023-05-13 00:36:30;2023-05-13 08:58:20;91%;30109;27098;602;91%;false;0;0.0;;;;;60.967117;23-05-13 04:17:59;23-05-13 04:40:00
2023-05-13 23:55:07;2023-05-14 08:53:34;90%;32307;30261;646;91%;false;0;0.0;;;;;89.38859;23-05-14 03:31:18;23-05-14 03:55:00
2023-05-14 23:36:41;2023-05-15 08:51:52;98%;33311;27870;3220;92%;false;0;0.0;;;;;62.011864;23-05-15 03:08:58;23-05-15 03:35:00
2023-05-15 23:38:40;2023-05-16 08:20:10;89%;31290;26701;1460;95%;false;0;0.23010546;;;;;84.938515;23-05-16 03:13:22;23-05-16 03:40:00
2023-05-16 23:44:18;2023-05-17 09:08:25;83%;33847;31703;676;95%;false;0;0.0;;;;;116.90067;23-05-17 03:31:39;23-05-17 03:55:00
2023-05-18 00:34:47;2023-05-18 08:58:09;90%;30202;26879;604;93%;false;0;0.0;;;;;65.711945;23-05-18 04:37:44;23-05-18 05:00:00
2023-05-18 23:11:19;2023-05-19 07:59:45;92%;31706;27373;1585;88%;false;0;0.0;;;;;75.73793;23-05-19 02:47:06;23-05-19 03:10:00
2023-05-20 00:28:32;2023-05-20 09:39:11;96%;33038;25769;1982;82%;false;0;0.0;;;;;69.91548;23-05-20 04:07:26;23-05-20 04:30:00
2023-05-21 00:29:13;2023-05-21 09:37:41;94%;32908;27972;4168;85%;false;0;0.0;;;;;75.70914;23-05-21 04:35:57;23-05-21 05:00:00
2023-05-22 01:48:51;2023-05-22 09:30:19;83%;27687;22149;1199;—;false;0;0.0;;;;;62.834927;23-05-22 03:56:06;23-05-22 04:20:00
2023-05-23 00:57:05;2023-05-23 09:57:24;99%;32418;28528;2377;92%;false;0;0.0;;;;;58.59741;23-05-23 04:35:46;23-05-23 05:00:00
2023-05-24 00:14:15;2023-05-24 08:55:06;93%;31250;26667;1979;87%;false;0;0.0;;;;;68.11868;23-05-24 03:33:29;23-05-24 04:00:00
2023-05-24 23:28:13;2023-05-25 09:08:18;89%;34805;31904;696;89%;false;0;0.0;;;;;95.90129;23-05-25 02:28:59;23-05-25 02:55:00
2023-05-25 23:27:29;2023-05-26 07:50:09;92%;30159;26841;1206;89%;false;0;0.0;;;;;56.73205;23-05-26 02:44:16;23-05-26 03:10:00
2023-05-27 00:51:20;2023-05-27 09:48:27;77%;32227;29326;644;84%;false;0;0.22341515;;;;;137.90471;;
2023-05-28 00:57:26;2023-05-28 10:17:12;97%;33585;27988;2910;85%;false;0;0.0;;;;;66.76655;;
2023-05-29 00:00:12;2023-05-29 09:27:15;90%;34022;27671;1020;84%;false;0;0.0;;;;;89.734215;;
2023-05-29 23:51:10;2023-05-30 08:49:41;91%;32311;27141;646;91%;false;0;0.11141716;;;;;86.11219;23-05-30 03:36:52;23-05-30 04:00:00
2023-05-31 00:44:26;2023-05-31 08:51:51;84%;29245;24858;3022;90%;false;0;0.36929387;;;;;78.92731;23-05-31 03:33:50;23-05-31 04:00:00
2023-06-01 00:52:18;2023-06-01 09:14:37;87%;30139;26823;602;94%;false;0;0.0;;;;;77.32504;23-06-01 04:04:51;23-06-01 04:30:00
2023-06-02 00:26:03;2023-06-02 08:42:11;83%;29767;26394;595;93%;false;0;0.1209393;;;;;90.96719;23-06-02 04:05:56;23-06-02 04:30:00
2023-06-03 00:28:40;2023-06-03 08:25:53;88%;28632;23287;1145;—;false;0;0.12573345;;;;;58.520683;23-06-03 03:53:06;23-06-03 04:20:00
2023-06-04 00:31:05;2023-06-04 08:37:41;81%;29196;26373;1362;96%;false;0;0.24660914;;;;;92.708694;23-06-04 03:52:48;23-06-04 04:15:00
2023-06-06 00:15:01;2023-06-06 08:45:38;89%;30637;27573;612;97%;false;0;0.0;;;;;77.01352;23-06-06 03:54:53;23-06-06 04:20:00
2023-06-06 23:47:01;2023-06-07 08:55:34;91%;32912;28085;1426;—;false;0;0.32814777;;;;;88.534355;23-06-07 03:30:10;23-06-07 03:55:00
2023-06-07 23:45:29;2023-06-08 08:07:25;91%;30115;25096;3212;94%;false;0;0.11954175;;;;;61.978973;23-06-08 03:32:18;23-06-08 03:55:00
2023-06-09 00:10:07;2023-06-09 08:39:02;91%;30534;25547;2239;93%;false;0;0.117901355;;;;;67.28777;23-06-09 03:55:45;23-06-09 04:20:00
2023-06-11 00:14:03;2023-06-11 08:50:28;84%;30985;26853;619;95%;false;0;0.0;;;;;99.49641;23-06-11 04:33:39;23-06-11 05:00:00
2023-06-11 23:46:43;2023-06-12 08:46:56;95%;32413;30360;2052;97%;false;0;0.11106654;;;;;73.22069;23-06-12 03:57:47;23-06-12 04:20:00
2023-06-13 01:38:17;2023-06-13 09:00:05;78%;26508;21295;1413;89%;false;0;0.81484836;;;;;72.13932;23-06-13 03:57:25;23-06-13 04:20:00
2023-06-13 23:47:40;2023-06-14 08:52:31;93%;32690;27568;2179;87%;false;0;0.0;;;;;80.57566;23-06-14 03:39:39;23-06-14 04:05:00
2023-06-14 23:39:33;2023-06-15 07:50:56;82%;29483;26535;589;86%;false;0;0.0;;;;;92.10164;23-06-15 02:35:00;23-06-15 02:55:00
2023-06-15 23:45:09;2023-06-16 08:00:27;88%;29717;25755;594;91%;false;0;0.0;;;;;67.63429;23-06-16 02:45:00;23-06-16 03:05:00
2023-06-16 23:25:23;2023-06-17 08:14:02;92%;31718;26326;634;95%;false;0;0.0;;;;;75.7206;23-06-17 04:05:00;23-06-17 04:25:00
2023-06-17 23:50:36;2023-06-18 09:00:21;91%;32985;29906;1429;94%;false;0;0.0;;;;;85.86986;23-06-18 04:00:00;23-06-18 04:20:00
2023-06-18 23:32:47;2023-06-19 08:33:10;93%;32422;27883;864;93%;false;0;0.11103572;;;;;80.49478;23-06-19 03:30:00;23-06-19 03:50:00
2023-06-20 00:00:32;2023-06-20 08:41:45;69%;31273;26165;3648;93%;false;0;0.0;;;;;156.3727;23-06-20 03:40:00;23-06-20 04:00:00
2023-06-20 23:48:13;2023-06-21 08:02:04;87%;29631;24791;2469;94%;false;0;0.0;;;;;73.65228;23-06-21 03:40:00;23-06-21 04:00:00
2023-06-21 23:28:21;2023-06-22 07:56:43;84%;30502;26130;610;95%;false;0;0.4721002;;;;;93.018555;23-06-22 03:00:00;23-06-22 03:20:00
2023-06-22 23:46:00;2023-06-23 07:43:17;84%;28637;24532;859;95%;false;0;0.12571149;;;;;73.11525;23-06-23 03:00:00;23-06-23 03:20:00
2023-06-23 23:07:03;2023-06-24 07:22:10;35%;29706;27132;594;95%;false;0;0.121187635;;;;;310.8487;23-06-24 02:25:00;23-06-24 02:45:00
2023-06-24 22:39:20;2023-06-25 08:13:17;93%;34437;30878;688;92%;false;0;0.0;;;;;80.66573;23-06-25 03:30:00;23-06-25 03:50:00
2023-06-25 23:12:22;2023-06-26 08:03:38;87%;31875;26669;1912;92%;false;0;0.4517647;;;;;99.04976;23-06-26 03:00:00;23-06-26 03:20:00
2023-06-27 02:26:27;2023-06-27 09:04:44;66%;23897;19197;796;—;false;0;0.15064652;;;;;96.02683;23-06-27 05:00:00;23-06-27 05:20:00
2023-06-28 01:09:07;2023-06-28 09:46:05;82%;31018;28640;930;81%;false;0;0.0;;;;;108.83579;23-06-28 04:45:00;23-06-28 05:05:00
2023-06-29 00:30:58;2023-06-29 08:39:38;86%;29319;24823;586;78%;false;0;0.0;;;;;72.03651;23-06-29 03:40:00;23-06-29 04:00:00
2023-06-29 23:39:31;2023-06-30 08:42:05;69%;32554;26043;3038;87%;false;0;0.22117098;;;;;173.93094;23-06-30 03:35:00;23-06-30 03:55:00
2023-07-01 00:57:48;2023-07-01 09:04:21;78%;29192;22867;583;88%;false;0;0.0;;;;;104.85318;23-07-01 05:15:00;23-07-01 05:35:00
2023-07-02 00:35:01;2023-07-02 08:57:22;87%;30141;27930;602;91%;false;0;0.0;;;;;79.91119;23-07-02 04:40:00;23-07-02 05:00:00
2023-07-03 00:31:13;2023-07-03 08:51:37;81%;30024;23819;600;94%;false;0;0.0;;;;;104.98007;23-07-03 05:00:00;23-07-03 05:20:00
2023-07-04 00:08:14;2023-07-04 08:59:31;82%;31877;26458;1168;97%;false;0;0.0;;;;;119.68195;23-07-04 04:35:00;23-07-04 04:55:00
2023-07-04 23:35:50;2023-07-05 08:49:44;64%;33234;30797;664;96%;false;0;0.0;;;;;194.502;23-07-05 04:00:00;23-07-05 04:20:00
2023-07-06 00:12:56;2023-07-06 09:00:28;91%;31652;25532;4009;94%;false;0;0.0;;;;;83.79167;23-07-06 03:40:00;23-07-06 04:00:00
2023-07-06 23:59:39;2023-07-07 08:03:48;89%;29048;25853;580;93%;false;0;0.0;;;;;57.573696;23-07-07 03:40:00;23-07-07 04:00:00
2023-07-07 23:49:17;2023-07-08 08:27:28;93%;31090;25908;2072;93%;false;0;0.23158571;;;;;68.19991;23-07-08 03:40:00;23-07-08 04:00:00
2023-07-09 00:44:22;2023-07-09 07:56:10;77%;25907;18739;3972;91%;false;0;0.13895859;;;;;71.78153;;
2023-07-10 00:34:29;2023-07-10 08:54:22;81%;29992;24893;2099;91%;false;0;0.12003201;;;;;101.864494;23-07-10 04:40:00;23-07-10 05:00:00
2023-07-10 23:49:42;2023-07-11 09:00:18;95%;33036;27750;1761;91%;false;0;0.0;;;;;77.06694;23-07-11 03:50:00;23-07-11 04:10:00
2023-07-11 23:48:20;2023-07-12 08:35:55;75%;31655;28806;633;93%;true;8;0.0;;;;;142.95862;23-07-12 03:40:00;23-07-12 04:00:00
2023-07-12 23:43:56;2023-07-13 08:19:11;92%;30914;28854;618;95%;false;0;0.0;;;;;68.141594;23-07-13 03:50:00;23-07-13 04:10:00
2023-07-14 00:04:25;2023-07-14 07:55:43;79%;28278;25639;1225;96%;false;0;0.0;;;;;92.064095;23-07-14 03:45:00;23-07-14 04:05:00
2023-07-15 00:23:46;2023-07-15 08:52:47;83%;30540;25959;2341;93%;false;0;0.0;;;;;101.88907;;
2023-07-16 00:13:07;2023-07-16 09:00:48;82%;31661;26384;1371;94%;false;0;0.0;;;;;118.68459;;
2023-07-17 00:17:36;2023-07-17 08:38:33;76%;30057;24045;4809;94%;false;0;0.0;;;;;123.65042;23-07-17 03:45:00;23-07-17 04:05:00
2023-07-17 23:49:41;2023-07-18 08:31:48;88%;31327;28612;626;96%;false;0;0.0;;;;;92.85523;23-07-18 03:45:00;23-07-18 04:05:00
2023-07-18 23:35:08;2023-07-19 08:01:20;90%;30372;27740;607;95%;false;0;0.11853023;;;;;70.432434;23-07-19 02:40:00;23-07-19 03:00:00
2023-07-19 23:08:58;2023-07-20 07:47:29;89%;31110;23436;5185;94%;false;0;0.0;;;;;84.04159;23-07-20 02:30:00;23-07-20 02:50:00
2023-07-21 01:00:36;2023-07-21 10:45:04;79%;35067;32846;701;83%;false;0;0.0;;;;;137.93335;;
2023-07-22 00:12:35;2023-07-22 01:18:25;14%;3950;0;3950;66%;false;0;2.7341774;;;;;1.0;;
2023-07-22 01:18:52;2023-07-22 09:21:34;80%;28961;25389;1351;80%;false;0;0.0;;;;;96.688736;23-07-22 04:45:00;23-07-22 05:05:00
2023-07-23 00:26:11;2023-07-23 09:10:11;88%;31439;28190;628;79%;false;0;0.0;;;;;91.62325;23-07-23 03:50:00;23-07-23 04:10:00
2023-07-23 23:49:51;2023-07-24 08:53:49;83%;32638;30571;652;90%;false;0;0.0;;;;;122.84751;23-07-24 03:00:00;23-07-24 03:20:00
2023-07-25 00:21:01;2023-07-25 08:53:36;90%;30754;28704;615;93%;false;0;0.0;;;;;76.08909;23-07-25 04:40:00;23-07-25 05:00:00
2023-07-26 00:08:57;2023-07-26 08:51:58;92%;31380;27719;627;—;false;0;0.22944552;;;;;75.763626;23-07-26 04:10:00;23-07-26 04:30:00
2023-07-27 00:21:26;2023-07-27 09:40:16;93%;33530;29618;670;95%;false;0;0.10736654;;;;;84.81448;23-07-27 04:10:00;23-07-27 04:30:00
2023-07-28 00:40:28;2023-07-28 02:03:42;18%;4994;0;4994;75%;false;0;0.0;;;;;1.0;;
2023-07-28 02:04:04;2023-07-28 09:56:02;76%;28318;25486;1415;75%;false;0;0.0;;;;;106.26801;23-07-28 05:00:00;23-07-28 05:20:00
2023-07-29 00:33:03;2023-07-29 09:32:09;78%;32346;30298;646;86%;false;0;0.11129661;;;;;140.33813;23-07-29 04:45:00;23-07-29 05:05:00
2023-07-29 23:59:28;2023-07-30 09:00:45;83%;32477;25981;5304;86%;true;8;0.0;;;;;122.38037;23-07-30 03:50:00;23-07-30 04:10:00
2023-07-30 23:56:32;2023-07-31 09:17:00;93%;33628;28135;672;91%;false;0;0.107053645;;;;;85.551;23-07-31 04:10:00;23-07-31 04:30:00
2023-07-31 23:54:57;2023-08-01 08:29:06;67%;30848;28175;616;94%;false;0;0.0;;;;;170.27744;23-08-01 03:50:00;23-08-01 04:10:00
2023-08-02 00:21:33;2023-08-02 09:14:17;94%;31963;26210;3835;93%;false;0;0.0;;;;;73.155106;23-08-02 04:45:00;23-08-02 05:05:00
2023-08-02 23:52:17;2023-08-03 08:43:02;76%;31845;27174;3078;92%;false;0;0.0;;;;;143.825;23-08-03 04:50:00;23-08-03 05:10:00
2023-08-04 00:41:20;2023-08-04 09:45:01;91%;32621;24466;4240;89%;false;0;0.0;;;;;91.59342;;
2023-08-05 01:21:38;2023-08-05 10:11:29;89%;31790;29565;635;89%;false;0;0.0;;;;;92.53121;;
2023-08-06 01:16:28;2023-08-06 10:29:20;83%;33171;31181;663;91%;false;0;0.0;;;;;123.38063;23-08-06 05:10:00;23-08-06 05:30:00
2023-08-07 01:00:14;2023-08-07 10:04:10;83%;32635;26869;5112;94%;false;0;0.0;;;;;122.41245;23-08-07 05:10:00;23-08-07 05:30:00
2023-08-08 00:38:09;2023-08-08 10:11:18;92%;34389;29230;4355;96%;false;0;0.0;;;;;89.706604;23-08-08 05:10:00;23-08-08 05:30:00
2023-08-09 00:38:26;2023-08-09 09:08:52;91%;30625;23786;2654;94%;false;0;0.0;;;;;72.81377;23-08-09 04:50:00;23-08-09 05:10:00
2023-08-10 00:44:52;2023-08-10 09:46:41;99%;32508;29690;650;94%;true;18;0.0;;;;;62.575626;23-08-10 05:00:00;23-08-10 05:20:00
2023-08-11 02:31:13;2023-08-11 11:49:27;100%;33493;29586;669;84%;false;0;0.0;;;;;55.69427;23-08-11 06:40:00;23-08-11 07:00:00
2023-08-12 00:08:16;2023-08-12 09:26:10;67%;33474;28118;2454;74%;true;12;0.0;;;;;182.28702;23-08-12 04:10:00;23-08-12 04:30:00
2023-08-16 01:15:09;2023-08-16 10:00:55;92%;31545;28706;630;—;false;0;0.0;;;;;77.822075;23-08-16 06:40:00;23-08-16 07:00:00
2023-08-17 01:20:59;2023-08-17 10:01:27;93%;31228;24670;624;99%;false;0;0.115281165;;;;;72.08154;23-08-17 06:10:00;23-08-17 06:30:00
2023-08-18 02:35:56;2023-08-18 10:26:24;83%;28228;24934;564;93%;false;0;0.0;;;;;75.79183;23-08-18 07:40:00;23-08-18 08:00:00
2023-08-19 04:15:57;2023-08-19 10:52:48;69%;23810;19841;714;89%;true;21;0.15119699;;;;;78.46745;;
2023-08-20 02:07:03;2023-08-20 10:45:37;92%;31113;25513;2074;83%;false;0;0.0;;;;;73.9616;23-08-20 05:10:00;23-08-20 05:30:00
2023-08-21 01:23:22;2023-08-21 11:12:19;94%;35336;28740;706;85%;true;12;0.50939554;;;;;80.06226;23-08-21 06:10:00;23-08-21 06:30:00
2023-08-22 01:19:23;2023-08-22 10:22:14;80%;32570;25947;651;88%;true;39;0.8842493;;;;;133.4902;23-08-22 05:10:00;23-08-22 05:30:00
2023-08-23 01:07:04;2023-08-23 09:51:22;93%;31457;23383;2936;92%;false;0;0.0;;;;;72.41213;23-08-23 05:10:00;23-08-23 05:30:00
2023-08-24 00:03:32;2023-08-24 10:13:46;91%;36614;34417;732;92%;true;3;1.0815536;;;;;92.677;23-08-24 04:40:00;23-08-24 05:00:00
2023-08-25 02:56:59;2023-08-25 07:17:15;47%;15616;11659;312;78%;false;0;0.6915984;;;;;63.65801;;
2023-08-25 23:59:47;2023-08-26 09:50:43;91%;35455;33092;709;65%;true;21;2.4368918;;;;;92.9058;23-08-26 04:40:00;23-08-26 05:00:00
2023-08-27 00:35:14;2023-08-27 08:18:38;77%;27804;23448;556;63%;false;0;0.0;;;;;95.07672;;
2023-08-28 00:30:30;2023-08-28 08:40:16;87%;29385;24585;587;78%;false;0;0.12251148;;;;;72.29447;23-08-28 05:10:00;23-08-28 05:30:00
2023-08-28 23:54:36;2023-08-29 09:27:12;88%;34355;31951;687;89%;true;8;0.0;;;;;102.36722;23-08-29 04:40:00;23-08-29 05:00:00
2023-08-30 00:20:15;2023-08-30 08:45:56;88%;30340;27407;606;92%;false;0;0.0;;;;;81.35684;23-08-30 05:10:00;23-08-30 05:30:00
2023-08-31 01:57:27;2023-08-31 09:25:26;78%;26879;24997;537;87%;true;9;0.13393356;;;;;80.803276;;
2023-08-31 21:17:16;2023-09-01 04:19:16;71%;25320;20678;506;63%;false;0;0.0;;;;;93.77573;23-09-01 04:40:00;23-09-01 05:00:00
2023-09-01 20:57:31;2023-09-02 02:57:56;48%;21624;17227;432;62%;false;0;0.0;;;;;162.816;;
2023-09-02 23:39:16;2023-09-03 07:44:59;77%;29143;22245;582;47%;false;0;0.12352881;;;;;113.373856;;
2023-09-03 23:40:25;2023-09-04 08:33:48;93%;32002;28695;640;72%;true;6;0.0;;;;;79.47188;23-09-04 04:40:00;23-09-04 05:00:00
2023-09-04 23:40:19;2023-09-05 08:35:03;92%;32084;29196;1283;—;false;0;0.0;;;;;86.55708;23-09-05 04:40:00;23-09-05 05:00:00
2023-09-05 23:38:42;2023-09-06 08:30:29;91%;31907;27227;2446;97%;true;6;0.0;;;;;85.12909;23-09-06 04:40:00;23-09-06 05:00:00
2023-09-06 23:36:42;2023-09-07 08:12:39;90%;30956;27138;2786;99%;false;0;0.116294086;;;;;79.25222;23-09-07 03:35:00;23-09-07 03:55:00
2023-09-07 23:45:05;2023-09-08 08:14:27;79%;30562;26182;2954;98%;false;0;0.0;;;;;118.02359;23-09-08 04:15:00;23-09-08 04:35:00
2023-09-08 23:19:02;2023-09-09 07:42:05;86%;30182;24045;3823;96%;false;0;0.11927638;;;;;87.56647;23-09-09 03:05:00;23-09-09 03:25:00
2023-09-10 05:26:02;2023-09-10 11:12:49;58%;20807;18379;416;70%;true;20;0.1730187;;;;;94.994865;;
2023-09-11 00:42:42;2023-09-11 09:53:22;97%;33040;29956;660;54%;false;0;0.10895883;;;;;69.453865;;
2023-09-12 00:45:17;2023-09-12 08:27:37;84%;27740;23394;554;52%;false;0;0.0;;;;;65.427086;23-09-12 04:10:00;23-09-12 04:30:00
2023-09-13 01:45:18;2023-09-13 10:16:16;82%;30658;27285;613;71%;false;0;0.23484898;;;;;107.33795;;
2023-09-14 00:41:32;2023-09-14 10:05:44;97%;33852;31256;677;85%;false;0;0.42538106;;;;;71.732735;;
2023-09-15 00:29:08;2023-09-15 08:58:48;90%;30580;26197;2038;85%;false;0;0.0;;;;;77.6069;;
2023-09-16 00:26:25;2023-09-16 09:11:33;90%;31508;28672;630;92%;false;0;0.0;;;;;85.96364;;
2023-09-17 00:38:38;2023-09-17 09:26:16;98%;31658;26698;3482;94%;false;0;0.0;;;;;58.558094;;
2023-09-17 23:58:23;2023-09-18 08:24:12;91%;30348;27515;606;93%;true;8;0.0;;;;;69.385864;;
2023-09-18 20:41:04;2023-09-19 02:09:38;23%;19714;13405;394;68%;false;0;0.18261135;;;;;330.9428;23-09-18 21:00:00;23-09-18 21:20:00
2023-09-25 00:53:03;2023-09-25 08:17:32;82%;26668;22312;533;—;false;0;0.13499326;;;;;59.700718;;
2023-09-26 00:50:43;2023-09-26 09:18:32;92%;30468;26914;609;91%;false;0;0.0;;;;;64.391106;;
2023-09-27 01:18:59;2023-09-27 08:34:59;78%;26159;21014;2267;91%;false;0;0.13761994;;;;;69.54156;;
2023-09-28 01:05:29;2023-09-28 10:34:40;92%;34150;29938;2732;88%;false;0;0.0;;;;;89.76071;;
2023-09-29 01:11:52;2023-09-29 10:05:20;92%;32008;29233;640;89%;false;0;0.0;;;;;86.16946;;
2023-09-30 01:09:19;2023-09-30 10:17:38;87%;32899;30376;986;—;false;0;0.21885164;;;;;109.13229;;
2023-10-01 00:49:05;2023-10-01 10:05:34;90%;33388;31162;667;96%;false;0;0.0;;;;;95.06612;;
2023-10-02 00:28:52;2023-10-02 09:59:01;80%;34209;28393;4447;97%;false;0;0.10523547;;;;;136.88078;;
2023-10-03 01:29:56;2023-10-03 11:30:02;67%;36005;31804;720;90%;false;0;0.29995835;;;;;187.19296;;
2023-10-04 01:15:11;2023-10-04 09:49:49;85%;30877;27583;617;86%;false;0;0.0;;;;;100.8386;;
2023-10-05 01:15:29;2023-10-05 09:31:44;80%;29774;26995;595;87%;false;0;0.24182172;;;;;107.52215;23-10-05 04:40:00;23-10-05 05:00:00
2023-10-06 01:16:38;2023-10-06 09:44:28;90%;30470;28438;609;93%;false;0;0.0;;;;;74.97603;23-10-06 05:25:00;23-10-06 05:45:00
2023-10-07 02:24:47;2023-10-07 10:26:45;64%;28918;20917;578;93%;false;0;0.12448993;;;;;165.87383;23-10-07 05:40:00;23-10-07 06:00:00
2023-10-09 00:15:42;2023-10-09 10:25:46;67%;36604;33920;732;83%;false;0;0.49174953;;;;;187.04646;;
2023-10-10 00:05:31;2023-10-10 09:15:55;83%;33024;29281;660;85%;false;0;0.10901163;;;;;124.09156;23-10-10 03:15:00;23-10-10 03:35:00
2023-10-10 23:51:37;2023-10-11 09:29:08;87%;34651;30377;1270;93%;false;0;0.83114487;;;;;108.898796;;
2023-10-11 23:06:53;2023-10-12 10:00:45;39%;39231;36224;784;92%;false;0;6.239963;;;;;320.6756;23-10-12 02:20:00;23-10-12 02:40:00
2023-10-12 23:52:01;2023-10-13 09:26:15;85%;34453;31123;689;—;false;0;0.41796067;;;;;120.69329;23-10-13 05:15:00;23-10-13 05:35:00
2023-10-14 00:31:04;2023-10-14 09:22:33;70%;31888;29444;637;91%;false;0;0.0;;;;;175.00037;;
2023-10-15 02:04:18;2023-10-15 10:10:27;83%;29169;27224;583;88%;false;0;0.24683739;;;;;90.21203;23-10-15 06:10:00;23-10-15 06:30:00
2023-10-16 00:19:44;2023-10-16 09:37:23;92%;33459;30671;669;85%;false;0;0.0;;;;;92.59552;23-10-16 04:20:00;23-10-16 04:40:00
2023-10-17 00:23:28;2023-10-17 09:50:55;97%;34046;31890;680;86%;false;0;0.0;;;;;70.06162;;
2023-10-18 05:21:03;2023-10-18 12:39:50;67%;26326;22377;526;71%;false;0;0.0;;;;;129.54532;;
2023-10-19 01:07:16;2023-10-19 09:26:07;85%;29931;25740;1795;57%;false;0;0.0;;;;;91.34572;23-10-19 04:15:00;23-10-19 04:35:00
2023-10-20 00:51:53;2023-10-20 09:43:53;97%;31920;28834;638;56%;false;0;0.0;;;;;67.79854;23-10-20 04:25:00;23-10-20 04:45:00
2023-10-21 00:49:27;2023-10-21 09:49:15;92%;32387;27961;647;—;false;0;0.22231144;;;;;90.169174;23-10-21 04:40:00;23-10-21 05:00:00
2023-10-22 00:52:18;2023-10-22 09:41:14;90%;31735;26022;2961;98%;false;0;0.0;;;;;91.82821;23-10-22 04:40:00;23-10-22 05:00:00
2023-10-23 01:00:57;2023-10-23 09:05:57;76%;29099;24928;4170;97%;true;10;0.8660092;;;;;123.24146;23-10-23 04:40:00;23-10-23 05:00:00
2023-10-24 01:01:29;2023-10-24 09:53:27;91%;31917;29789;638;95%;true;8;0.56396276;;;;;87.84372;23-10-24 04:40:00;23-10-24 05:00:00
2023-10-25 00:31:07;2023-10-25 09:35:34;90%;32666;30488;653;94%;false;0;0.0;;;;;101.10447;23-10-25 04:15:00;23-10-25 04:35:00
2023-10-26 00:20:50;2023-10-26 09:34:47;96%;33236;27253;3545;95%;true;63;0.0;;;;;75.75966;23-10-26 04:20:00;23-10-26 04:40:00
2023-10-27 00:21:09;2023-10-27 08:51:10;87%;30601;24276;4794;95%;false;0;0.0;;;;;91.601746;23-10-27 04:05:00;23-10-27 04:25:00
2023-10-28 00:05:05;2023-10-28 08:01:26;81%;28580;25245;571;94%;false;0;0.0;;;;;94.706436;23-10-28 03:15:00;23-10-28 03:35:00
2023-10-29 00:05:17;2023-10-29 08:36:46;97%;34289;28574;2400;90%;false;0;0.0;;;;;70.31631;23-10-29 06:20:00;23-10-29 06:40:00
2023-10-29 23:18:39;2023-10-30 08:31:29;86%;33169;28636;663;92%;false;0;0.0;;;;;115.70699;23-10-30 04:15:00;23-10-30 04:35:00
2023-10-30 23:23:00;2023-10-31 08:34:24;97%;33083;29885;661;94%;false;0;0.0;;;;;72.43852;23-10-31 04:15:00;23-10-31 04:35:00
2023-10-31 23:41:28;2023-11-01 08:33:30;88%;31921;26601;638;98%;false;0;0.112778425;;;;;102.737724;23-11-01 04:25:00;23-11-01 04:45:00
2023-11-01 23:40:09;2023-11-02 08:25:48;98%;31539;25967;2523;98%;false;0;0.0;;;;;56.64626;23-11-02 04:20:00;23-11-02 04:40:00
2023-11-02 23:36:51;2023-11-03 08:23:19;96%;31587;27691;1474;98%;false;0;0.0;;;;;66.552666;23-11-03 04:15:00;23-11-03 04:35:00
2023-11-03 23:27:34;2023-11-04 08:32:19;98%;32684;28217;2287;98%;false;0;0.0;;;;;68.537025;23-11-04 04:15:00;23-11-04 04:35:00
2023-11-05 01:17:16;2023-11-05 09:04:08;82%;28012;23250;2334;92%;false;0;0.0;;;;;81.03218;23-11-05 06:00:00;23-11-05 06:20:00
2023-11-06 00:07:15;2023-11-06 08:37:26;97%;30611;27652;918;88%;false;0;0.0;;;;;50.912018;23-11-06 05:25:00;23-11-06 05:45:00
2023-11-07 00:01:40;2023-11-07 07:45:19;82%;27818;23182;2040;86%;false;0;0.0;;;;;75.5588;23-11-07 04:45:00;23-11-07 05:05:00
2023-11-07 23:43:57;2023-11-08 09:28:27;92%;35069;30276;1987;87%;false;0;0.0;;;;;93.50273;23-11-08 04:25:00;23-11-08 04:45:00
2023-11-08 23:59:58;2023-11-09 08:27:58;92%;30480;27127;609;88%;false;0;0.0;;;;;68.2667;23-11-09 04:45:00;23-11-09 05:05:00
2023-11-10 00:01:22;2023-11-10 08:52:50;95%;31887;26253;3082;90%;false;0;0.0;;;;;72.7345;23-11-10 04:45:00;23-11-10 05:05:00
2023-11-10 23:45:11;2023-11-11 03:15:51;38%;12640;9395;3244;—;false;0;0.0;;;;;63.81579;23-11-11 03:20:00;23-11-11 03:40:00
2023-11-11 06:51:40;2023-11-11 07:22:37;6%;1857;0;1857;79%;false;0;0.0;;;;;1.0;23-11-11 04:15:00;23-11-11 04:35:00
2023-11-12 00:04:29;2023-11-12 08:54:13;95%;31784;27546;2648;66%;false;0;0.0;;;;;71.13014;23-11-12 04:55:00;23-11-12 05:15:00
2023-11-13 00:01:26;2023-11-13 09:05:18;87%;32632;26758;1849;66%;false;0;0.22064231;;;;;112.62033;23-11-13 04:45:00;23-11-13 05:05:00
2023-11-14 00:05:06;2023-11-14 08:54:34;79%;31768;25943;5188;82%;false;0;0.11332158;;;;;134.6136;23-11-14 04:50:00;23-11-14 05:10:00
2023-11-15 00:00:29;2023-11-15 08:49:54;87%;31765;29118;635;—;false;0;0.11333228;;;;;104.42683;23-11-15 04:35:00;23-11-15 04:55:00
2023-11-16 00:00:53;2023-11-16 08:57:36;81%;32202;25440;1610;99%;false;0;0.0;;;;;130.77113;23-11-16 04:40:00;23-11-16 05:00:00
2023-11-17 00:05:12;2023-11-17 08:21:28;89%;29775;22629;3870;97%;false;0;0.0;;;;;72.42248;23-11-17 04:35:00;23-11-17 04:55:00
2023-11-18 00:29:17;2023-11-18 08:34:30;87%;29112;23193;2620;96%;false;0;0.0;;;;;73.32435;;
2023-11-19 00:38:40;2023-11-19 09:48:16;97%;32975;30118;1319;93%;false;0;0.0;;;;;72.59254;;
2023-11-20 00:44:20;2023-11-20 08:45:28;87%;28867;23479;2790;91%;false;0;0.24941976;;;;;71.03593;23-11-20 04:35:00;23-11-20 04:55:00
2023-11-21 00:29:45;2023-11-21 08:55:21;87%;30336;28212;606;92%;false;0;0.0;;;;;86.64857;23-11-21 04:35:00;23-11-21 04:55:00
2023-11-22 00:24:50;2023-11-22 08:39:45;88%;29694;24943;1682;95%;false;0;0.0;;;;;75.14176;23-11-22 04:35:00;23-11-22 04:55:00
2023-11-23 00:17:34;2023-11-23 08:41:54;83%;30259;27536;605;97%;false;0;0.0;;;;;101.3426;23-11-23 04:35:00;23-11-23 04:55:00
2023-11-24 00:16:30;2023-11-24 08:49:15;94%;30765;26048;1640;98%;false;0;0.0;;;;;63.199387;23-11-24 04:35:00;23-11-24 04:55:00
2023-11-25 00:54:26;2023-11-25 09:32:01;84%;31054;26396;2484;95%;false;0;0.11592709;;;;;108.25688;;
2023-11-26 02:29:22;2023-11-26 11:23:18;96%;32035;28191;2028;86%;false;0;0.112377085;;;;;70.97638;;
2023-11-27 02:23:42;2023-11-27 10:16:44;87%;28381;22705;3689;83%;false;0;0.12684542;;;;;63.58624;;
2023-11-28 02:45:43;2023-11-28 10:38:14;82%;28350;23909;1323;85%;false;0;0.12698413;;;;;85.77787;;
2023-11-29 01:23:23;2023-11-29 10:03:26;91%;31203;24754;4160;89%;false;0;0.0;;;;;81.313156;23-11-29 05:50:00;23-11-29 06:10:00
2023-11-30 00:42:41;2023-11-30 09:43:05;100%;32424;26803;3458;90%;false;0;0.0;;;;;56.556503;23-11-30 05:25:00;23-11-30 05:45:00
2023-12-01 00:51:48;2023-12-01 09:21:50;93%;30601;23767;4284;90%;false;0;0.117643215;;;;;67.00022;23-12-01 06:30:00;23-12-01 06:50:00
2023-12-03 01:35:27;2023-12-03 09:59:23;90%;30235;28119;604;92%;false;0;0.0;;;;;71.73607;;
2023-12-04 03:20:19;2023-12-04 10:36:04;81%;26144;21177;2440;—;false;0;0.1376989;;;;;59.59161;23-12-04 06:40:00;23-12-04 07:00:00
2023-12-05 02:18:10;2023-12-05 10:29:14;87%;29464;26615;589;85%;false;0;0.0;;;;;74.71392;23-12-05 06:30:00;23-12-05 06:50:00
2023-12-06 01:42:57;2023-12-06 10:25:19;88%;31341;26953;1671;85%;false;0;0.0;;;;;94.10999;23-12-06 06:05:00;23-12-06 06:25:00
2023-12-07 01:06:04;2023-12-07 09:40:54;86%;30890;25535;4221;91%;false;0;0.0;;;;;95.26371;23-12-07 05:25:00;23-12-07 05:45:00
2023-12-08 00:59:43;2023-12-08 09:40:24;91%;31240;25200;3228;88%;false;0;0.0;;;;;79.82874;23-12-08 05:40:00;23-12-08 06:00:00
2023-12-09 01:35:53;2023-12-09 10:27:06;93%;31873;26667;1381;92%;false;0;0.0;;;;;79.4484;;
2023-12-10 01:29:31;2023-12-10 09:38:00;88%;29308;24130;1953;93%;false;0;0.12283335;;;;;69.61864;23-12-10 06:10:00;23-12-10 06:30:00
2023-12-11 01:02:40;2023-12-11 09:56:41;90%;32040;24137;2563;91%;false;0;0.0;;;;;95.536865;23-12-11 05:40:00;23-12-11 06:00:00
2023-12-12 00:56:22;2023-12-12 09:45:02;92%;31720;28125;634;94%;false;0;0.0;;;;;82.55627;23-12-12 05:40:00;23-12-12 06:00:00
2023-12-13 00:31:24;2023-12-13 09:28:43;100%;32239;25361;3438;95%;false;0;0.0;;;;;58.267246;23-12-13 05:10:00;23-12-13 05:30:00
2023-12-14 00:26:35;2023-12-14 09:17:20;95%;31845;25263;2972;97%;false;0;0.11304757;;;;;70.72407;23-12-14 05:05:00;23-12-14 05:25:00
2023-12-15 00:28:49;2023-12-15 09:59:47;84%;34258;29233;5024;95%;false;0;0.7355946;;;;;121.54799;23-12-15 05:15:00;23-12-15 05:35:00
2023-12-16 04:03:31;2023-12-16 11:18:34;79%;26103;22448;1305;84%;false;0;0.13791518;;;;;68.48223;;
2023-12-17 02:23:50;2023-12-17 11:18:15;94%;32064;25758;4061;80%;false;0;0.0;;;;;79.29236;;
2023-12-18 01:52:07;2023-12-18 10:39:24;85%;31637;29422;632;79%;false;0;0.11379082;;;;;108.41152;;
2023-12-19 02:46:09;2023-12-19 10:50:08;85%;29039;22940;2323;89%;false;0;0.0;;;;;78.20576;23-12-19 06:10:00;23-12-19 06:30:00
2023-12-20 01:29:19;2023-12-20 09:59:27;77%;30607;25404;4387;88%;false;0;0.0;;;;;131.98276;23-12-20 05:40:00;23-12-20 06:00:00
2023-12-21 01:09:37;2023-12-21 09:34:35;76%;30298;25450;605;89%;false;0;0.11881973;;;;;129.07555;23-12-21 05:20:00;23-12-21 05:40:00
2023-12-23 02:27:04;2023-12-23 10:21:02;77%;28438;24172;568;88%;false;0;2.2786412;;;;;108.402695;;
2023-12-24 02:13:03;2023-12-24 10:02:29;76%;28166;24128;4037;89%;false;0;0.25562736;;;;;106.34658;;
2023-12-25 01:40:08;2023-12-25 10:02:33;81%;30145;28035;602;95%;false;0;0.119422786;;;;;110.52674;;
2023-12-26 01:22:58;2023-12-26 09:49:42;84%;30403;24120;1216;96%;false;0;0.3552281;;;;;98.710205;;
2023-12-27 01:19:20;2023-12-27 09:03:06;86%;27825;23559;1113;95%;false;0;0.0;;;;;61.109055;;
2023-12-28 00:44:54;2023-12-28 09:39:23;96%;32069;27258;1282;93%;false;0;0.2245159;;;;;72.43889;;
2023-12-29 00:36:17;2023-12-29 09:26:39;92%;31821;29064;636;93%;false;0;0.0;;;;;85.892845;;
2023-12-30 03:04:22;2023-12-30 09:53:48;73%;24566;20389;2538;—;false;0;0.43963203;;;;;72.33387;23-12-30 05:40:00;23-12-30 06:00:00
2023-12-31 01:34:39;2023-12-31 10:12:24;90%;31064;26508;1346;86%;false;0;0.0;;;;;82.09038;;
2024-01-01 23:01:55;2024-01-02 10:19:10;82%;40635;36300;812;81%;false;0;0.44296786;;;;;129.1485;;
2024-01-02 23:35:46;2024-01-03 10:38:37;88%;39770;36588;1060;85%;false;0;0.27156147;;;;;104.88252;;
2024-01-03 23:35:00;2024-01-04 08:17:12;68%;31332;28199;626;86%;false;0;0.22979702;;;;;173.0314;24-01-04 04:15:00;24-01-04 04:35:00
2024-01-05 00:57:01;2024-01-05 10:49:55;93%;35574;30712;2015;80%;false;0;0.80957997;;;;;87.54391;;
2024-01-06 02:18:15;2024-01-06 10:36:51;84%;29915;25827;598;78%;false;0;0.0;;;;;92.87309;24-01-06 06:50:00;24-01-06 07:10:00
2024-01-07 03:16:19;2024-01-07 11:13:16;83%;28616;23560;1526;80%;false;0;1.00643;;;;;83.516014;;
2024-01-07 23:55:03;2024-01-08 08:00:19;84%;29116;25136;582;73%;false;0;0.0;;;;;86.81983;24-01-08 03:40:00;24-01-08 04:00:00
2024-01-09 00:05:03;2024-01-09 10:00:00;88%;35696;28795;3569;71%;false;0;0.0;;;;;106.26105;;
2024-01-09 23:46:51;2024-01-10 08:06:13;89%;29961;24468;2796;70%;false;0;0.0;;;;;72.942856;24-01-10 04:00:00;24-01-10 04:20:00
2024-01-11 01:40:21;2024-01-11 09:15:08;77%;27286;21374;4183;79%;false;0;0.0;;;;;93.930824;24-01-11 05:30:00;24-01-11 05:50:00
2024-01-12 00:45:39;2024-01-12 09:30:35;94%;31496;28347;839;82%;false;0;0.0;;;;;73.792;;
2024-01-13 04:32:53;2024-01-13 10:23:55;62%;21061;14181;3229;75%;false;0;0.0;;;;;75.607735;;
2024-01-14 01:34:16;2024-01-14 10:27:51;98%;32015;29027;640;75%;false;0;0.33734185;;;;;64.6197;;
2024-01-15 01:46:35;2024-01-15 09:17:23;82%;27047;23441;2704;75%;false;0;0.0;;;;;65.302704;;
2024-01-16 00:57:12;2024-01-16 09:50:19;91%;31987;27615;639;84%;false;0;0.0;;;;;89.50054;;
2024-01-17 00:48:46;2024-01-17 10:44:15;95%;35728;28701;3811;89%;false;0;0.0;;;;;80.38321;;
2024-01-18 00:10:28;2024-01-18 09:27:43;95%;33434;28419;1894;88%;false;0;0.0;;;;;80.79551;24-01-18 05:15:00;24-01-18 05:35:00
2024-01-19 00:14:47;2024-01-19 09:06:39;85%;31911;25955;3935;—;false;0;0.6768826;;;;;112.55502;;
2024-01-20 02:55:50;2024-01-20 11:01:42;82%;29151;23904;4372;81%;false;0;0.49397963;;;;;93.80323;;
2024-01-21 05:01:29;2024-01-21 13:38:57;93%;31048;24941;4036;73%;false;0;0.46379802;;;;;72.702866;;
2024-01-22 03:06:50;2024-01-22 11:12:50;89%;29160;23133;1166;62%;false;0;0.0;;;;;66.29361;24-01-22 07:40:00;24-01-22 08:00:00
2024-01-23 03:07:24;2024-01-23 11:03:21;86%;28556;24368;571;74%;false;0;0.0;;;;;71.154724;;
2024-01-24 00:37:28;2024-01-24 10:58:13;69%;37245;32030;1986;80%;false;0;0.19331454;;;;;177.22212;;
2024-01-25 01:29:30;2024-01-25 09:57:10;86%;30459;24976;609;87%;false;0;0.0;;;;;92.312996;24-01-25 05:40:00;24-01-25 06:00:00
2024-01-26 00:24:37;2024-01-26 07:57:08;84%;27150;21811;2624;79%;false;0;0.0;;;;;57.46833;24-01-26 03:40:00;24-01-26 04:00:00
2024-01-27 04:39:26;2024-01-27 12:15:48;82%;27382;20718;2555;62%;false;0;0.0;;;;;70.07566;;
2024-01-28 02:15:18;2024-01-28 10:59:48;95%;31469;27483;629;57%;false;0;0.0;;;;;69.11412;;
2024-01-29 01:26:18;2024-01-29 08:10:24;66%;24245;20204;4040;56%;false;0;0.0;;;;;106.592224;24-01-29 03:50:00;24-01-29 04:10:00
2024-01-30 02:24:14;2024-01-30 10:54:30;92%;30615;28574;612;69%;false;0;0.117589414;;;;;71.1562;;
2024-01-31 01:10:38;2024-01-31 02:03:56;11%;3198;0;3198;52%;false;0;1.0;;;;;1.0;;
2024-01-31 02:04:19;2024-01-31 10:32:38;93%;30499;23992;1626;78%;false;0;0.0;;;;;63.162464;24-01-31 06:15:00;24-01-31 06:35:00
2024-02-01 01:15:37;2024-02-01 09:54:42;96%;31145;25746;2491;84%;false;0;0.34676513;;;;;60.29588;24-02-01 05:55:00;24-02-01 06:15:00
2024-02-02 00:59:17;2024-02-02 09:37:07;83%;31070;26098;4246;92%;false;0;0.0;;;;;109.072655;24-02-02 05:10:00;24-02-02 05:30:00
2024-02-03 00:00:16;2024-02-03 09:21:30;94%;33674;26041;1234;91%;false;0;0.0;;;;;82.32601;24-02-03 05:10:00;24-02-03 05:30:00
2024-02-04 00:30:09;2024-02-04 09:36:25;97%;32776;29389;655;—;false;0;0.0;;;;;70.66058;24-02-04 05:20:00;24-02-04 05:40:00
2024-02-05 00:29:29;2024-02-05 09:43:13;95%;33223;29126;2657;94%;false;0;0.0;;;;;80.3255;24-02-05 05:30:00;24-02-05 05:50:00
2024-02-06 00:19:19;2024-02-06 09:18:41;95%;32361;27507;2265;96%;false;0;0.0;;;;;76.89911;24-02-06 05:10:00;24-02-06 05:30:00
2024-02-07 00:14:52;2024-02-07 09:13:25;90%;32312;27142;4200;98%;false;0;0.11141372;;;;;96.092995;24-02-07 05:00:00;24-02-07 05:20:00
2024-02-08 00:29:30;2024-02-08 09:27:48;88%;32297;29498;645;97%;false;0;0.3343964;;;;;102.28225;24-02-08 05:20:00;24-02-08 05:40:00
2024-02-09 00:40:31;2024-02-09 09:16:41;84%;30969;26118;4851;97%;false;0;0.0;;;;;105.84975;24-02-09 05:20:00;24-02-09 05:40:00
2024-02-10 00:26:45;2024-02-10 09:46:11;88%;33565;31551;671;96%;false;0;0.0;;;;;105.0089;24-02-10 05:45:00;24-02-10 06:05:00
2024-02-11 03:22:32;2024-02-11 10:18:04;75%;24932;19862;3822;—;false;0;0.14439274;;;;;67.41719;24-02-11 06:40:00;24-02-11 07:00:00
2024-02-12 01:48:30;2024-02-12 10:10:42;92%;30132;27621;602;84%;false;0;0.0;;;;;66.21091;;
2024-02-13 04:23:39;2024-02-13 13:21:22;87%;32263;26133;6129;70%;false;0;0.0;;;;;108.14429;;
2024-02-14 02:23:45;2024-02-14 12:11:59;93%;35294;30706;705;71%;false;0;0.20400067;;;;;84.99636;;
2024-02-15 04:38:05;2024-02-15 12:44:32;88%;29186;25100;4086;68%;false;0;0.0;;;;;69.72715;;
2024-02-16 02:36:30;2024-02-16 11:44:11;90%;32861;29356;657;75%;false;0;0.0;;;;;97.4445;;
2024-02-17 01:17:33;2024-02-17 11:15:31;94%;35878;32529;1793;79%;false;0;0.0;;;;;82.605064;;
2024-02-18 00:39:38;2024-02-18 10:30:14;88%;35435;30002;4016;83%;false;0;0.20318894;;;;;106.7382;;
2024-02-19 00:45:03;2024-02-19 08:16:42;50%;27099;22672;541;85%;false;0;0.0;;;;;206.44403;;
2024-02-20 00:47:50;2024-02-20 10:10:47;91%;33776;27471;3827;84%;false;0;0.0;;;;;95.838974;24-02-20 06:40:00;24-02-20 07:00:00
2024-02-21 04:05:07;2024-02-21 11:40:07;85%;27300;22113;3185;75%;false;0;0.0;;;;;58.018013;;
2024-02-22 02:05:26;2024-02-22 11:13:10;96%;32863;30672;766;75%;false;0;0.0;;;;;75.314445;24-02-22 07:10:00;24-02-22 07:30:00
2024-02-23 00:56:58;2024-02-23 10:48:49;96%;35510;33025;946;76%;false;0;0.20275979;;;;;76.80343;24-02-23 06:40:00;24-02-23 07:00:00
2024-02-24 00:34:59;2024-02-24 10:25:36;83%;35436;29294;6142;87%;false;0;0.0;;;;;123.579666;24-02-24 06:10:00;24-02-24 06:30:00
2024-02-25 00:55:49;2024-02-25 10:03:24;86%;32854;27378;4490;92%;false;0;0.1095757;;;;;112.17391;24-02-25 05:40:00;24-02-25 06:00:00
2024-02-26 00:23:19;2024-02-26 09:33:31;96%;33011;28279;3081;93%;false;0;0.0;;;;;76.13356;24-02-26 05:20:00;24-02-26 05:40:00
2024-02-27 00:57:08;2024-02-27 08:58:39;88%;28890;24075;3852;92%;false;0;0.0;;;;;67.531296;24-02-27 04:40:00;24-02-27 05:00:00
2024-02-27 23:59:10;2024-02-28 09:35:21;68%;34571;29385;691;90%;false;0;0.20826703;;;;;179.38275;24-02-28 04:50:00;24-02-28 05:10:00
2024-02-29 04:19:18;2024-02-29 11:05:07;71%;24349;19885;1136;76%;false;0;0.14785;;;;;82.72847;;
2024-03-02 03:23:16;2024-03-02 10:55:23;79%;27127;21972;1808;71%;false;0;0.1327091;;;;;82.478065;;
2024-03-03 00:27:37;2024-03-03 07:59:01;76%;27084;23111;541;71%;false;0;0.1329198;;;;;95.115105;;
2024-03-04 01:07:23;2024-03-04 09:54:38;87%;31635;28471;632;65%;false;0;0.0;;;;;101.35282;24-03-04 05:50:00;24-03-04 06:10:00
2024-03-06 01:43:32;2024-03-06 10:23:39;84%;31207;26630;936;85%;false;0;0.23071745;;;;;107.83863;24-03-06 06:50:00;24-03-06 07:10:00
2024-03-07 01:19:18;2024-03-07 10:13:33;90%;32054;30024;641;93%;false;0;0.4492419;;;;;95.24331;;
2024-03-08 04:37:24;2024-03-08 11:34:39;73%;25035;20612;1502;78%;false;0;0.28759736;;;;;80.557335;;
2024-03-09 04:03:10;2024-03-09 10:32:12;71%;23342;18595;700;81%;false;0;0.15422842;;;;;64.27247;;
2024-03-10 02:33:46;2024-03-10 11:29:57;93%;32170;27452;643;76%;false;0;0.1119055;;;;;86.02268;;
2024-03-11 01:17:34;2024-03-11 10:09:16;85%;31901;29349;638;81%;true;86;0.112849124;;;;;109.80686;;
2024-03-12 00:28:45;2024-03-12 08:38:51;82%;29405;24798;588;79%;false;0;0.0;;;;;97.93464;;
2024-03-13 01:14:27;2024-03-13 09:58:04;89%;31416;24190;628;81%;true;1174;0.34377387;;;;;92.76468;;
2024-03-14 02:55:09;2024-03-14 10:14:10;80%;26340;20018;2282;82%;true;28;0.13667426;;;;;65.75905;;
2024-03-15 03:10:59;2024-03-15 07:23:41;43%;15162;12180;1718;80%;false;0;0.0;;;;;89.79545;24-03-15 03:15:00;24-03-15 03:35:00
2024-03-16 01:54:31;2024-03-16 10:44:07;91%;31775;26267;635;73%;false;0;1.2462627;;;;;86.591866;;
2024-03-17 02:09:07;2024-03-17 11:09:22;96%;32415;27768;648;77%;false;0;0.0;;;;;77.62567;;
2024-03-18 02:21:06;2024-03-18 09:42:33;78%;26486;20306;529;81%;true;31;0.0;;;;;79.61779;;
2024-03-19 02:47:42;2024-03-19 11:18:49;90%;30667;27294;613;88%;false;0;0.0;;;;;80.46357;;
2024-03-20 01:33:31;2024-03-20 10:47:20;89%;33228;27912;1107;85%;false;0;0.108342364;;;;;101.40268;;
2024-03-21 01:04:33;2024-03-21 09:09:47;83%;29113;24261;1358;84%;false;0;0.49462438;;;;;90.934044;;
2024-03-22 01:35:43;2024-03-22 10:58:20;81%;33756;28355;5400;—;false;0;1.0664771;;;;;131.34355;;
2024-03-23 03:54:23;2024-03-23 11:40:03;78%;27939;21793;2142;79%;true;263;0.38655642;;;;;97.19538;;
2024-03-24 03:00:23;2024-03-24 10:47:31;82%;28028;23450;1961;80%;false;0;0.12844299;;;;;79.31053;;
2024-03-25 02:33:25;2024-03-25 10:43:26;81%;29401;22932;588;85%;false;0;0.7346689;;;;;100.76669;;
2024-03-26 03:37:02;2024-03-26 10:34:43;65%;25060;20883;1085;90%;true;11;0.71827614;;;;;119.857605;;
2024-03-27 01:52:53;2024-03-27 11:09:45;91%;33412;28623;668;89%;true;99;1.2929487;;;;;95.82581;;
2024-03-28 01:58:41;2024-03-28 10:58:37;92%;32396;27860;2915;89%;true;227;1.0001235;;;;;90.94449;;
2024-03-29 01:58:03;2024-03-29 11:18:03;76%;33599;31471;671;92%;true;47;0.10714605;;;;;149.77614;;
2024-03-30 02:20:18;2024-03-30 09:11:24;52%;24666;19486;4439;91%;false;0;0.43784967;;;;;175.74791;;
2024-03-31 00:28:59;2024-03-31 12:09:25;86%;38426;32278;3586;—;false;0;0.0;;;;;111.1422;;
2024-04-01 02:39:59;2024-04-01 09:14:29;72%;23670;17989;3550;71%;true;329;0.0;;;;;65.04226;;
2024-04-02 00:55:10;2024-04-02 10:30:32;93%;34521;30148;2761;70%;false;0;0.104284346;;;;;85.608475;;
2024-04-03 01:28:41;2024-04-03 10:07:28;85%;31127;29052;622;78%;false;0;0.0;;;;;103.162834;24-04-03 05:20:00;24-04-03 05:40:00
2024-04-04 01:34:51;2024-04-04 09:48:57;88%;29646;27571;592;88%;true;17;0.0;;;;;76.28015;24-04-04 05:20:00;24-04-04 05:40:00
2024-04-05 01:11:57;2024-04-05 09:29:40;85%;29862;22695;4280;94%;false;0;0.6027728;;;;;88.59193;24-04-05 04:50:00;24-04-05 05:10:00
2024-04-06 01:42:06;2024-04-06 09:55:37;80%;29611;23392;3948;94%;false;0;0.36472932;;;;;105.93302;24-04-06 05:20:00;24-04-06 05:40:00
2024-04-07 02:07:52;2024-04-07 10:12:46;78%;29093;26378;581;93%;false;0;0.24748223;;;;;107.9792;24-04-07 05:00:00;24-04-07 05:20:00
2024-04-08 02:34:58;2024-04-08 11:03:55;89%;30537;22597;5394;92%;false;0;0.0;;;;;82.13275;;
2024-04-09 01:51:04;2024-04-09 10:26:56;83%;30952;27032;619;91%;false;0;0.23261826;;;;;107.687035;24-04-09 05:40:00;24-04-09 06:00:00
2024-04-10 01:41:55;2024-04-10 10:15:31;90%;30815;25987;3081;92%;false;0;0.0;;;;;82.61443;;
2024-04-11 00:50:58;2024-04-11 09:19:57;86%;30538;26059;1832;90%;false;0;0.47154367;;;;;91.3035;24-04-11 04:10:00;24-04-11 04:30:00
2024-04-12 00:36:21;2024-04-12 09:40:20;87%;32638;29810;1196;92%;false;0;0.0;;;;;109.78449;24-04-12 04:20:00;24-04-12 04:40:00
2024-04-13 02:20:07;2024-04-13 10:56:20;90%;30973;27463;619;85%;false;0;0.0;;;;;83.90501;;
2024-04-14 01:45:21;2024-04-14 10:23:23;85%;31082;28906;621;87%;false;0;0.0;;;;;101.67549;24-04-14 05:20:00;24-04-14 05:40:00
2024-04-15 01:23:31;2024-04-15 09:58:01;86%;30870;27268;1131;86%;false;0;0.0;;;;;96.38189;24-04-15 05:00:00;24-04-15 05:20:00
2024-04-16 01:18:57;2024-04-16 09:59:58;88%;31261;23133;625;94%;false;0;0.0;;;;;93.72673;;
2024-04-17 00:38:14;2024-04-17 09:50:46;95%;33152;28842;663;95%;false;0;0.0;;;;;80.98623;24-04-17 04:30:00;24-04-17 04:50:00
2024-04-18 00:53:57;2024-04-18 09:45:50;98%;31912;27444;1489;96%;false;0;0.0;;;;;62.528027;24-04-18 04:40:00;24-04-18 05:00:00
2024-04-19 01:24:02;2024-04-19 09:13:24;84%;28161;22904;2346;94%;true;14;0.12783636;;;;;72.5796;24-04-19 04:20:00;24-04-19 04:40:00
2024-04-20 03:59:54;2024-04-20 11:17:55;80%;26280;20936;525;83%;false;0;0.0;;;;;67.71119;;
2024-04-21 02:23:27;2024-04-21 11:05:31;94%;31323;26938;626;79%;false;0;0.0;;;;;72.2378;;
2024-04-22 01:10:16;2024-04-22 09:59:02;95%;31726;25909;2115;76%;false;0;0.113471605;;;;;71.3039;24-04-22 05:00:00;24-04-22 05:20:00
2024-04-23 00:22:52;2024-04-23 09:26:35;94%;32622;29251;652;85%;false;0;0.0;;;;;82.31645;24-04-23 04:15:00;24-04-23 04:35:00
2024-04-24 01:02:40;2024-04-24 10:01:16;82%;32315;29946;646;86%;false;0;0.0;;;;;123.759995;24-04-24 04:55:00;24-04-24 05:15:00
2024-04-25 01:30:23;2024-04-25 10:28:10;92%;32267;28502;1075;90%;false;0;0.0;;;;;90.60776;24-04-25 05:10:00;24-04-25 05:30:00
2024-04-26 00:40:07;2024-04-26 09:20:44;87%;31237;25093;1874;89%;false;0;0.0;;;;;95.745514;24-04-26 04:20:00;24-04-26 04:40:00
2024-04-27 03:02:54;2024-04-27 12:16:52;83%;33238;28584;3102;77%;false;0;0.0;;;;;121.60865;;
2024-04-28 03:42:33;2024-04-28 11:15:47;82%;27193;22117;543;75%;false;0;0.0;;;;;70.636856;;
2024-04-29 02:00:55;2024-04-29 11:07:18;97%;32783;28739;4043;75%;false;0;0.0;;;;;74.27301;;
2024-04-30 00:56:21;2024-04-30 09:37:34;80%;31272;27623;625;83%;false;0;0.11511896;;;;;122.3316;24-04-30 04:15:00;24-04-30 04:35:00
2024-05-01 01:04:21;2024-05-01 09:35:32;92%;30671;25661;3067;87%;false;0;0.0;;;;;73.64601;;
2024-05-02 03:30:26;2024-05-02 10:17:47;68%;24440;19389;1059;84%;false;0;0.0;;;;;95.32375;;
2024-05-03 01:00:50;2024-05-03 09:36:46;90%;30956;25693;4333;82%;false;0;0.0;;;;;82.30983;24-05-03 04:20:00;24-05-03 04:40:00
2024-05-04 02:28:35;2024-05-04 10:45:30;82%;29814;24845;2683;75%;false;0;0.0;;;;;100.178795;;
2024-05-05 02:52:16;2024-05-05 10:48:07;83%;28550;22744;2093;83%;false;0;0.25218916;;;;;81.398125;;
2024-05-06 02:12:01;2024-05-06 09:53:35;81%;27694;21878;1846;87%;false;0;0.0;;;;;80.08433;24-05-06 04:55:00;24-05-06 05:15:00
2024-05-07 00:53:30;2024-05-07 09:40:20;95%;31609;29607;632;90%;false;0;0.0;;;;;73.00585;24-05-07 04:20:00;24-05-07 04:40:00
2024-05-08 01:10:32;2024-05-08 09:23:32;83%;29579;25241;591;90%;false;0;0.0;;;;;94.974106;24-05-08 04:55:00;24-05-08 05:15:00
2024-05-09 02:51:32;2024-05-09 10:30:34;83%;27541;24511;550;86%;false;0;0.0;;;;;72.72205;24-05-09 05:30:00;24-05-09 05:50:00
2024-05-10 01:16:29;2024-05-10 09:37:18;87%;30049;27144;600;84%;false;0;0.0;;;;;82.76008;24-05-10 04:20:00;24-05-10 04:40:00
2024-05-11 02:14:10;2024-05-11 09:55:36;69%;27686;22979;553;82%;false;0;0.0;;;;;128.79239;;
2024-05-12 02:38:35;2024-05-12 10:52:03;86%;29607;25955;1381;86%;false;0;0.24318573;;;;;83.090225;;
2024-05-12 23:37:52;2024-05-13 08:12:27;87%;30874;27684;617;77%;false;0;0.0;;;;;93.192894;24-05-13 03:20:00;24-05-13 03:40:00
2024-05-15 00:36:34;2024-05-15 07:43:49;67%;25635;22387;1281;70%;false;0;0.0;;;;;115.14466;24-05-15 02:35:00;24-05-15 02:55:00
2024-05-16 02:01:18;2024-05-16 10:16:12;82%;29693;24744;593;77%;false;0;0.0;;;;;100.107315;24-05-16 05:05:00;24-05-16 05:25:00
2024-05-17 01:37:47;2024-05-17 09:44:42;69%;29214;25221;584;80%;false;0;1.8484288;;;;;146.21416;;
2024-05-18 01:31:23;2024-05-18 08:54:07;63%;26563;21339;2922;84%;true;76;0.4065806;;;;;142.57367;;
2024-05-19 05:39:11;2024-05-19 11:25:22;54%;20771;16825;415;76%;true;4811;0.17331858;;;;;118.502754;;
2024-05-20 02:01:06;2024-05-20 10:08:23;70%;29236;23681;1461;65%;true;17;1.2313586;;;;;141.65714;;
2024-05-21 01:31:41;2024-05-21 09:45:01;57%;29599;21903;4143;65%;true;4321;0.6081286;;;;;193.15019;;
2024-05-22 00:52:05;2024-05-22 09:49:41;49%;32255;29890;645;82%;true;75;1.116106;;;;;242.7094;;
2024-05-23 00:48:46;2024-05-23 08:19:34;57%;27047;23711;2614;91%;false;0;0.13310164;;;;;176.41002;24-05-23 03:20:00;24-05-23 03:40:00
2024-05-23 23:58:46;2024-05-24 08:18:37;45%;29991;26092;699;91%;true;297;0.72021604;;;;;245.54953;24-05-24 03:20:00;24-05-24 03:40:00
2024-05-25 11:50:18;2024-05-25 19:31:03;86%;27644;25248;552;0%;false;0;0.13022718;;;;;60.504974;;
2024-05-26 04:00:46;2024-05-26 09:23:28;62%;19361;16586;387;0%;false;0;0.0;;;;;50.697212;;
2024-05-27 01:28:00;2024-05-27 10:52:05;82%;33845;29219;676;0%;false;0;0.0;;;;;126.97557;;
2024-05-28 01:18:55;2024-05-28 09:42:39;89%;30224;25791;1914;0%;false;0;0.0;;;;;77.68998;24-05-28 04:35:00;24-05-28 04:55:00
2024-05-29 00:41:53;2024-05-29 09:39:50;94%;32276;28295;1721;14%;false;0;0.11153799;;;;;84.25876;24-05-29 03:40:00;24-05-29 04:00:00
2024-05-30 03:47:04;2024-05-30 10:20:09;67%;23585;20912;471;84%;false;0;0.0;;;;;93.8323;;
2024-05-31 00:38:22;2024-05-31 09:48:19;100%;32997;30027;1649;78%;false;0;0.0;;;;;64.58756;24-05-31 04:25:00;24-05-31 04:45:00
2024-06-01 01:00:04;2024-06-01 09:54:56;93%;32092;26636;1497;78%;false;0;0.1121775;;;;;84.90649;24-06-01 04:40:00;24-06-01 05:00:00
2024-06-02 00:44:50;2024-06-02 09:42:12;88%;32241;29662;1074;87%;false;0;0.111659065;;;;;103.12628;24-06-02 03:40:00;24-06-02 04:00:00
2024-06-03 02:45:50;2024-06-03 09:57:04;76%;25874;21476;862;91%;false;0;0.0;;;;;80.957726;;
2024-06-04 00:56:11;2024-06-04 09:43:12;94%;31620;29512;632;87%;false;0;0.0;;;;;76.56288;24-06-04 04:40:00;24-06-04 05:00:00
2024-06-05 00:46:39;2024-06-05 09:45:57;97%;32357;28798;647;87%;false;0;0.111258775;;;;;71.5657;24-06-05 04:40:00;24-06-05 05:00:00
2024-06-05 23:59:28;2024-06-06 09:04:44;78%;32715;27154;5561;90%;false;0;0.11004127;;;;;142.29027;24-06-06 03:45:00;24-06-06 04:05:00
2024-06-07 00:15:58;2024-06-07 09:14:04;96%;32285;27119;2259;94%;false;0;0.0;;;;;76.36346;24-06-07 04:05:00;24-06-07 04:25:00
2024-06-08 01:50:53;2024-06-08 09:32:05;78%;27672;21953;1383;89%;false;0;0.0;;;;;95.34314;;
2024-06-09 03:33:20;2024-06-09 10:12:42;73%;23961;18610;1437;87%;false;0;0.0;;;;;65.13459;;
2024-06-10 01:50:49;2024-06-10 10:42:43;91%;31913;29254;1170;82%;false;0;0.0;;;;;89.08924;;
2024-06-11 00:30:50;2024-06-11 09:25:18;94%;32068;27044;641;—;false;0;0.0;;;;;79.31277;24-06-11 04:10:00;24-06-11 04:30:00
2024-06-12 01:14:28;2024-06-12 08:47:09;75%;27160;21909;1629;83%;false;0;0.2650957;;;;;102.63481;24-06-12 05:10:00;24-06-12 05:30:00
2024-06-13 00:06:48;2024-06-13 09:16:06;97%;32958;29333;659;84%;false;0;0.0;;;;;74.030945;24-06-13 04:00:00;24-06-13 04:20:00
2024-06-14 00:19:33;2024-06-14 09:11:27;97%;31914;26595;3191;91%;true;25;0.0;;;;;68.71599;24-06-14 04:20:00;24-06-14 04:40:00
2024-06-15 02:11:12;2024-06-15 09:12:14;74%;25262;22651;505;90%;false;0;0.0;;;;;81.06397;;
2024-06-16 01:53:37;2024-06-16 09:49:14;88%;28536;25301;570;91%;false;0;0.0;;;;;64.52308;24-06-16 04:45:00;24-06-16 05:05:00
2024-06-17 01:01:37;2024-06-17 09:50:20;91%;31722;29713;634;90%;false;0;0.0;;;;;87.087746;24-06-17 04:50:00;24-06-17 05:10:00
2024-06-18 00:40:14;2024-06-18 09:40:52;96%;32437;27139;2811;—;false;0;0.0;;;;;78.721924;24-06-18 04:30:00;24-06-18 04:50:00
2024-06-19 02:02:44;2024-06-19 10:01:48;87%;28744;23474;4119;91%;false;0;0.12524353;;;;;69.78161;24-06-19 05:40:00;24-06-19 06:00:00
2024-06-20 00:58:23;2024-06-20 09:33:40;94%;30916;25660;2885;89%;false;0;0.0;;;;;66.787895;24-06-20 04:40:00;24-06-20 05:00:00
2024-06-21 01:18:40;2024-06-21 09:19:18;83%;28837;25857;576;89%;false;0;0.0;;;;;87.1973;24-06-21 04:40:00;24-06-21 05:00:00
2024-06-22 01:21:29;2024-06-22 09:08:16;82%;28007;23619;560;93%;false;0;0.1285393;;;;;80.473434;;
2024-06-23 01:16:21;2024-06-23 09:58:14;90%;31313;27138;626;95%;false;0;0.0;;;;;88.25708;;
2024-06-24 01:34:50;2024-06-24 10:14:12;96%;31161;25968;3739;95%;false;0;0.0;;;;;64.53922;24-06-24 05:05:00;24-06-24 05:25:00
2024-06-25 00:43:22;2024-06-25 09:34:59;95%;31896;27005;1275;92%;false;0;0.0;;;;;73.91937;24-06-25 04:40:00;24-06-25 05:00:00
2024-06-26 02:17:01;2024-06-26 10:19:46;83%;28964;22978;2317;88%;false;0;0.12429223;;;;;87.739845;24-06-26 05:40:00;24-06-26 06:00:00
2024-06-27 00:47:07;2024-06-27 09:45:41;97%;32313;25419;2908;84%;false;0;0.111410275;;;;;73.98697;24-06-27 04:40:00;24-06-27 05:00:00
2024-06-28 02:41:03;2024-06-28 10:32:29;78%;28285;24513;2074;80%;false;0;0.0;;;;;101.18957;;
2024-06-29 01:01:08;2024-06-29 09:51:46;87%;31838;26319;2653;80%;false;0;0.22614485;;;;;103.52714;24-06-29 04:40:00;24-06-29 05:00:00
2024-06-30 04:03:55;2024-06-30 11:46:32;75%;27757;22668;2313;72%;false;0;0.0;;;;;108.90906;;
2024-07-01 01:50:12;2024-07-01 10:13:42;86%;30210;25477;2215;69%;true;182;0.119165845;;;;;89.09856;24-07-01 05:00:00;24-07-01 05:20:00
2024-07-02 00:49:19;2024-07-02 09:46:55;90%;32255;26127;645;72%;false;0;0.1116106;;;;;97.875244;24-07-02 04:40:00;24-07-02 05:00:00
2024-07-03 02:44:57;2024-07-03 10:42:25;86%;28647;24636;1145;78%;false;0;0.0;;;;;71.85825;;
2024-07-04 01:45:16;2024-07-04 09:39:10;47%;28434;21325;2274;—;false;0;0.0;;;;;226.05032;24-07-04 04:25:00;24-07-04 04:45:00
2024-07-05 00:44:22;2024-07-05 09:18:29;79%;30846;27042;616;83%;false;0;0.0;;;;;125.64145;24-07-05 04:20:00;24-07-05 04:40:00
2024-07-06 02:17:13;2024-07-06 09:38:01;77%;26447;22568;3173;85%;true;14;0.0;;;;;84.972626;;
2024-07-07 01:12:59;2024-07-07 10:18:44;91%;32744;27942;654;90%;false;0;0.0;;;;;94.77642;24-07-07 05:10:00;24-07-07 05:30:00
2024-07-08 02:32:42;2024-07-08 09:55:34;77%;26572;20549;531;85%;false;0;0.13548096;;;;;84.283295;24-07-08 04:55:00;24-07-08 05:15:00
2024-07-09 01:48:16;2024-07-09 09:46:06;82%;28670;24656;2102;88%;true;180;0.0;;;;;90.64694;24-07-09 04:40:00;24-07-09 05:00:00
2024-07-10 02:01:17;2024-07-10 10:10:06;81%;29328;22974;879;91%;false;0;0.0;;;;;101.53166;;
2024-07-11 01:29:29;2024-07-11 10:05:39;82%;30970;27769;619;94%;false;0;0.34872457;;;;;114.52934;;
2024-07-12 01:35:55;2024-07-12 10:06:20;87%;30625;26439;612;96%;false;0;0.23510203;;;;;93.01315;;
2024-07-13 01:31:12;2024-07-13 10:02:56;89%;30703;26405;2865;98%;false;0;0.35175717;;;;;82.978134;;
2024-07-14 00:39:14;2024-07-14 09:25:26;92%;31571;26941;3157;95%;false;0;0.4561148;;;;;81.599045;24-07-14 04:10:00;24-07-14 04:30:00
2024-07-15 00:25:57;2024-07-15 08:53:13;85%;30436;25464;608;93%;false;0;0.23656195;;;;;95.41508;24-07-15 03:40:00;24-07-15 04:00:00
2024-07-16 00:38:41;2024-07-16 09:27:18;78%;31717;27382;634;92%;false;0;0.0;;;;;134.16762;24-07-16 04:10:00;24-07-16 04:30:00
2024-07-17 00:27:46;2024-07-17 10:00:18;87%;34351;32176;687;94%;false;0;0.0;;;;;111.48755;24-07-17 04:10:00;24-07-17 04:30:00
2024-07-18 00:17:20;2024-07-18 09:16:11;87%;32330;28127;1724;93%;false;0;0.0;;;;;107.09706;24-07-18 04:00:00;24-07-18 04:20:00
2024-07-19 00:38:01;2024-07-19 09:23:25;98%;31523;26374;630;94%;false;0;0.11420233;;;;;59.62028;24-07-19 04:15:00;24-07-19 04:35:00
2024-07-20 00:32:22;2024-07-20 09:22:52;99%;31829;26206;4031;96%;false;0;0.0;;;;;60.69842;24-07-20 04:10:00;24-07-20 04:30:00
2024-07-21 00:31:00;2024-07-21 08:32:27;89%;28887;22724;962;—;false;0;0.0;;;;;64.80772;24-07-21 03:40:00;24-07-21 04:00:00
2024-07-21 23:32:15;2024-07-22 08:58:57;100%;34002;29015;3740;93%;false;0;0.0;;;;;55.9457;24-07-22 03:40:00;24-07-22 04:00:00
2024-07-23 03:37:45;2024-07-23 08:20:18;50%;16952;12092;339;80%;false;0;0.21236432;;;;;80.08498;;
2024-07-24 01:13:19;2024-07-24 09:04:05;89%;28246;23820;1035;74%;false;0;0.0;;;;;54.63467;24-07-24 04:40:00;24-07-24 05:00:00
2024-07-24 23:50:15;2024-07-25 09:03:02;100%;33167;30403;1326;74%;false;0;0.0;;;;;63.317265;24-07-25 03:40:00;24-07-25 04:00:00
2024-07-26 00:48:45;2024-07-26 08:17:28;76%;26923;21628;2153;83%;false;0;0.13371468;;;;;92.91189;24-07-26 03:10:00;24-07-26 03:30:00
2024-07-28 01:35:33;2024-07-28 09:20:40;87%;27906;24836;558;85%;false;0;0.0;;;;;58.52725;;
2024-07-29 02:38:27;2024-07-29 10:50:57;92%;29549;25806;590;82%;false;0;0.0;;;;;58.992695;;
2024-07-30 01:36:37;2024-07-30 09:31:03;93%;28466;25809;664;80%;false;0;0.0;;;;;43.302914;;
2024-07-31 01:05:20;2024-07-31 10:42:00;98%;34600;32178;692;82%;false;0;0.10404625;;;;;72.04449;;
2024-08-01 01:01:42;2024-08-01 09:17:54;90%;29771;26397;595;85%;false;0;0.0;;;;;68.87359;24-08-01 03:40:00;24-08-01 04:00:00
2024-08-02 02:35:50;2024-08-02 10:20:15;88%;27865;24521;1671;84%;false;0;0.0;;;;;54.09439;24-08-02 05:00:00;24-08-02 05:20:00
2024-08-03 00:48:54;2024-08-03 09:35:59;98%;31624;28567;843;82%;false;0;0.0;;;;;63.02988;24-08-03 03:40:00;24-08-03 04:00:00
2024-08-04 00:55:09;2024-08-04 09:18:54;95%;30224;26698;3526;85%;false;0;0.0;;;;;54.708935;24-08-04 04:30:00;24-08-04 04:50:00
2024-08-05 01:59:58;2024-08-05 10:13:45;90%;29627;25775;1283;86%;false;0;0.12151079;;;;;67.232895;24-08-05 05:10:00;24-08-05 05:30:00
2024-08-06 00:34:37;2024-08-06 09:12:45;98%;31087;26424;1968;87%;false;0;0.11580403;;;;;54.14858;24-08-06 03:40:00;24-08-06 04:00:00
2024-08-07 02:29:46;2024-08-07 09:15:58;71%;24372;19091;568;82%;false;0;0.0;;;;;81.45018;;
2024-08-08 00:41:25;2024-08-08 09:25:53;95%;31468;28635;629;82%;false;0;0.0;;;;;69.93567;24-08-08 04:20:00;24-08-08 04:40:00
2024-08-09 01:13:30;2024-08-09 08:57:58;84%;27867;21922;1393;86%;false;0;0.12918507;;;;;72.811745;24-08-09 03:40:00;24-08-09 04:00:00
2024-08-10 01:03:53;2024-08-10 09:40:28;96%;30994;26965;619;89%;false;0;0.0;;;;;63.231594;24-08-10 03:10:00;24-08-10 03:30:00
2024-08-11 00:20:46;2024-08-11 08:26:11;90%;29125;23494;2912;89%;false;0;0.123605154;;;;;61.688095;24-08-11 03:10:00;24-08-11 03:30:00
2024-08-11 23:54:29;2024-08-12 07:56:46;93%;28936;24209;1832;90%;false;0;0.0;;;;;49.89858;24-08-12 02:40:00;24-08-12 03:00:00
2024-08-12 23:36:10;2024-08-13 07:26:20;83%;28209;22849;1504;90%;false;0;0.0;;;;;80.16968;24-08-13 02:10:00;24-08-13 02:30:00
2024-08-13 23:31:17;2024-08-14 07:02:44;81%;27086;22301;1264;94%;false;0;0.13290998;;;;;74.52395;24-08-14 01:40:00;24-08-14 02:00:00
2024-08-14 23:03:08;2024-08-15 06:35:56;86%;27167;22458;543;94%;false;0;0.1325137;;;;;54.768444;24-08-15 02:00:00;24-08-15 02:20:00
2024-08-16 02:06:34;2024-08-16 08:21:30;59%;22495;18071;899;83%;false;0;0.0;;;;;114.97093;;
2024-08-17 21:50:00;2024-08-18 08:04:26;97%;36866;32688;1351;61%;false;0;0.0;;;;;74.12944;;
2024-08-19 02:19:36;2024-08-19 09:48:06;80%;26910;23232;1345;55%;false;0;0.13377927;;;;;77.437195;;
2024-08-20 00:58:39;2024-08-20 09:46:37;87%;31678;28932;633;68%;false;0;0.11364354;;;;;101.22949;;
2024-08-21 00:59:56;2024-08-21 09:10:54;66%;29458;27396;589;77%;false;0;0.0;;;;;158.9152;;
2024-08-22 00:44:36;2024-08-22 08:42:44;86%;28687;24384;2008;92%;false;0;0.25098476;;;;;73.33719;;
2024-08-23 00:50:28;2024-08-23 08:57:31;83%;29222;23572;1558;95%;false;0;0.0;;;;;92.656136;24-08-23 04:15:00;24-08-23 04:35:00
2024-08-24 03:31:54;2024-08-24 03:52:58;5%;1264;0;1264;75%;false;0;0.0;;;;;1.0;;
2024-08-24 03:53:07;2024-08-24 10:51:10;79%;25082;19146;1588;83%;false;0;0.0;;;;;57.80342;24-08-24 06:40:00;24-08-24 07:00:00
2024-08-25 23:22:27;2024-08-26 07:36:51;95%;29664;25115;593;47%;false;0;0.0;;;;;49.74514;24-08-26 02:30:00;24-08-26 02:50:00
2024-08-26 21:58:34;2024-08-27 07:26:12;85%;34057;29630;1702;61%;false;0;0.10570514;;;;;116.90235;24-08-27 02:25:00;24-08-27 02:45:00
2024-08-28 00:05:14;2024-08-28 07:16:29;70%;25874;20009;2846;84%;true;27;0.0;;;;;106.821724;24-08-28 02:25:00;24-08-28 02:45:00
2024-08-28 23:37:29;2024-08-29 07:19:21;67%;27711;23462;1016;88%;true;69;0.1299123;;;;;137.01294;24-08-29 02:25:00;24-08-29 02:45:00
2024-08-29 23:22:56;2024-08-30 07:33:30;88%;29434;24724;1373;91%;false;0;0.7338452;;;;;74.354805;24-08-30 02:20:00;24-08-30 02:40:00
2024-08-31 04:43:33;2024-08-31 12:44:56;80%;28883;23010;577;68%;true;1552;0.62320393;;;;;96.6743;;
2024-09-01 01:19:36;2024-09-01 09:53:14;70%;30818;27530;616;52%;true;203;0.2336297;;;;;155.10118;;
2024-09-02 00:29:31;2024-09-02 07:33:49;61%;25457;21469;509;45%;true;12;0.42424482;;;;;142.92998;24-09-02 02:25:00;24-09-02 02:45:00
2024-09-03 00:28:47;2024-09-03 07:26:37;60%;25069;21141;501;73%;true;16;0.2872073;;;;;142.40344;24-09-03 02:25:00;24-09-03 02:45:00
2024-09-04 01:17:40;2024-09-04 07:59:11;67%;24091;20799;481;87%;true;71;0.44830018;;;;;98.87012;24-09-04 02:40:00;24-09-04 03:00:00
2024-09-04 23:10:01;2024-09-05 08:56:29;100%;35187;30613;703;87%;false;0;0.20462102;;;;;64.29687;24-09-05 03:40:00;24-09-05 04:00:00
2024-09-06 01:12:02;2024-09-06 07:59:01;76%;24418;18721;3011;79%;false;0;1.1794578;;;;;58.048447;24-09-06 03:20:00;24-09-06 03:40:00
2024-09-07 02:12:50;2024-09-07 10:13:07;82%;28816;26607;576;74%;false;0;0.0;;;;;89.44537;;
2024-09-08 01:40:04;2024-09-08 10:50:55;89%;33051;29966;661;79%;false;0;1.5249162;;;;;99.88065;;
2024-09-08 23:42:55;2024-09-09 10:22:06;99%;38351;35794;767;—;false;0;0.5632187;;;;;66.36466;;
2024-09-13 04:23:28;2024-09-13 10:09:47;59%;20779;19048;415;—;false;0;0.0;;;;;66.073715;24-09-13 01:20:00;24-09-13 01:40:00
2024-09-15 01:18:24;2024-09-15 10:42:07;95%;33823;29989;2367;63%;false;0;0.0;;;;;11.219986;;
2024-09-16 03:46:04;2024-09-16 11:21:57;83%;27353;26806;547;68%;false;0;0.0;;;;;32.532364;24-09-16 06:55:00;24-09-16 07:15:00
2024-09-17 01:33:54;2024-09-17 10:20:31;94%;31597;28858;1369;74%;false;0;0.0;;;;;13.711344;24-09-17 05:00:00;24-09-17 05:20:00
2024-09-18 00:48:51;2024-09-18 09:40:30;91%;31899;28496;1382;78%;false;0;0.0;;;;;35.87987;24-09-18 04:10:00;24-09-18 04:30:00
2024-09-19 01:48:43;2024-09-19 10:08:50;92%;30007;25606;1600;—;false;0;0.0;;;;;10.917506;24-09-19 04:50:00;24-09-19 05:10:00
2024-09-20 00:39:05;2024-09-20 08:54:00;82%;29695;26527;1286;85%;false;0;0.0;;;;;41.649944;24-09-20 03:35:00;24-09-20 03:55:00
2024-09-21 02:31:10;2024-09-21 11:43:38;91%;33147;29611;662;76%;false;0;0.0;;;;;33.195736;;
2024-09-21 23:59:15;2024-09-22 08:37:18;93%;31083;28078;1761;65%;false;0;0.0;;;;;21.859055;24-09-22 03:20:00;24-09-22 03:40:00
2024-09-23 00:50:33;2024-09-23 09:40:21;93%;31787;29774;2013;66%;false;0;0.0;;;;;25.669052;24-09-23 04:20:00;24-09-23 04:40:00
2024-09-24 01:03:38;2024-09-24 09:46:42;92%;31383;28977;2406;78%;false;0;0.0;;;;;25.36667;24-09-24 04:10:00;24-09-24 04:30:00
2024-09-25 01:00:25;2024-09-25 09:40:15;97%;31189;26511;4678;—;false;0;0.0;;;;;17.61242;24-09-25 04:10:00;24-09-25 04:30:00
2024-09-26 03:46:30;2024-09-26 10:29:19;67%;24169;23685;483;89%;false;0;0.0;;;;;32.3148;;
2024-09-27 03:06:14;2024-09-27 10:53:54;86%;28060;27498;561;87%;false;0;0.0;;;;;19.021816;;
2024-09-28 04:25:47;2024-09-28 11:44:51;86%;26343;23445;526;81%;false;0;0.0;;;;;10.687724;;
2024-09-29 00:46:00;2024-09-29 09:04:15;95%;29894;26506;3388;73%;false;0;0.0;;;;;12.892721;24-09-29 03:50:00;24-09-29 04:10:00
2024-09-30 01:28:07;2024-09-30 09:33:40;76%;29133;24568;1165;73%;false;0;0.0;;;;;35.40908;24-09-30 04:05:00;24-09-30 04:25:00
2024-10-01 01:01:45;2024-10-01 09:40:18;97%;31112;28623;1037;78%;false;0;0.0;;;;;15.507018;24-10-01 04:20:00;24-10-01 04:40:00
2024-10-02 01:15:41;2024-10-02 10:26:16;97%;33035;29181;1541;92%;false;0;0.0;;;;;19.76503;;
2024-10-03 00:36:48;2024-10-03 10:16:51;84%;34803;33178;1624;93%;false;0;0.0;;;;;35.760345;;
2024-10-04 00:24:09;2024-10-04 09:57:52;79%;34422;32127;688;94%;false;0;0.0;;;;;42.788895;24-10-04 05:20:00;24-10-04 05:40:00
2024-10-05 00:22:16;2024-10-05 09:00:18;50%;31081;23622;2900;94%;false;0;0.0;;;;;76.96174;24-10-05 03:40:00;24-10-05 04:00:00
2024-10-06 03:43:32;2024-10-06 10:50:51;60%;25639;21964;3674;81%;false;0;0.0;;;;;54.020817;24-10-06 07:40:00;24-10-06 08:00:00
2024-10-07 01:07:29;2024-10-07 09:48:29;78%;31259;28133;1667;73%;false;0;0.0;;;;;48.73134;24-10-07 04:40:00;24-10-07 05:00:00
2024-10-08 01:35:54;2024-10-08 09:49:56;94%;29642;28851;790;74%;false;0;0.0;;;;;14.421297;24-10-08 04:40:00;24-10-08 05:00:00
2024-10-09 01:58:26;2024-10-09 09:07:36;82%;25749;20943;2832;86%;false;0;0.0;;;;;12.503797;24-10-09 03:50:00;24-10-09 04:10:00
2024-10-10 01:31:43;2024-10-10 09:37:35;79%;29152;26819;2332;93%;false;0;0.0;;;;;36.214603;;
2024-10-11 03:39:07;2024-10-11 10:33:06;76%;24839;21526;496;86%;false;0;0.0;;;;;19.742899;;
2024-10-12 01:43:44;2024-10-12 08:39:34;68%;24949;24450;498;78%;false;0;0.0;;;;;35.361614;24-10-12 03:20:00;24-10-12 03:40:00
2024-10-13 00:42:48;2024-10-13 09:21:07;76%;31099;29440;1658;76%;false;0;0.0;;;;;50.37895;;
2024-10-14 02:02:14;2024-10-14 09:56:49;90%;28475;27621;854;79%;false;0;0.0;;;;;14.267537;24-10-14 04:55:00;24-10-14 05:15:00
2024-10-15 01:00:43;2024-10-15 09:04:11;75%;29008;25720;1643;85%;false;0;0.0;;;;;43.124405;24-10-15 03:55:00;24-10-15 04:15:00
2024-10-16 00:21:40;2024-10-16 08:15:17;87%;28417;26143;568;85%;false;0;0.0;;;;;20.522753;24-10-16 02:55:00;24-10-16 03:15:00
2024-10-17 00:46:02;2024-10-17 08:13:05;86%;26822;23425;2235;89%;false;0;0.0;;;;;12.108991;24-10-17 02:55:00;24-10-17 03:15:00
2024-10-18 01:43:17;2024-10-18 11:02:33;77%;33555;26172;2684;—;false;0;0.0;;;;;52.86589;;
2024-10-18 22:18:34;2024-10-19 06:19:53;90%;28879;25606;577;66%;false;0;0.0;;;;;16.899952;24-10-19 01:20:00;24-10-19 01:40:00
2024-10-21 00:55:35;2024-10-21 09:39:22;100%;31427;24827;2933;41%;false;0;0.0;;;;;7.9430494;24-10-21 04:20:00;24-10-21 04:40:00
2024-10-22 01:13:30;2024-10-22 09:20:34;92%;29224;25912;1948;73%;false;0;0.0;;;;;14.907375;24-10-22 04:20:00;24-10-22 04:40:00
2024-10-23 00:14:02;2024-10-23 08:58:29;100%;31467;29265;2202;92%;false;0;0.0;;;;;12.599146;24-10-23 04:20:00;24-10-23 04:40:00
2024-10-24 06:56:35;2024-10-24 11:23:10;54%;15994;13702;319;69%;false;0;0.0;;;;;3.54669;;
2024-10-25 02:15:51;2024-10-25 10:04:41;84%;28129;27567;562;54%;false;0;0.0;;;;;21.255903;;
2024-10-25 23:25:57;2024-10-26 07:10:18;65%;27860;23031;557;42%;false;0;0.0;;;;;53.18671;24-10-26 01:50:00;24-10-26 02:10:00
2024-10-27 02:56:19;2024-10-27 11:54:44;96%;35904;35186;718;42%;false;0;0.0;;;;;23.128063;;
2024-10-27 23:55:55;2024-10-28 09:06:16;100%;33020;32360;660;45%;false;0;0.0;;;;;11.166905;24-10-28 04:50:00;24-10-28 05:10:00
2024-10-29 00:15:16;2024-10-29 08:53:49;64%;31113;30490;622;59%;false;0;0.0;;;;;67.08326;24-10-29 04:50:00;24-10-29 05:10:00
2024-10-29 08:53:57;2024-10-29 09:58:14;13%;3857;3779;77;0%;false;0;0.0;;;;;1.0;24-10-29 07:00:00;24-10-29 07:20:00
2024-10-30 02:06:12;2024-10-30 09:10:26;59%;25454;24944;509;79%;false;0;0.0;;;;;56.12295;24-10-30 04:50:00;24-10-30 05:10:00
2024-10-31 03:12:48;2024-10-31 12:10:40;98%;32271;31626;645;81%;false;0;0.0;;;;;18.183744;;
2024-11-01 02:22:52;2024-11-01 10:12:30;90%;28177;25829;2348;75%;false;0;0.0;;;;;10.643904;24-11-01 06:50:00;24-11-01 07:10:00
2024-11-02 01:12:10;2024-11-02 09:35:29;96%;30198;27480;1107;76%;false;0;0.0;;;;;10.988289;24-11-02 05:20:00;24-11-02 05:40:00
2024-11-03 01:45:07;2024-11-03 09:25:43;77%;27635;20173;3776;85%;false;0;0.0;;;;;31.383919;24-11-03 05:50:00;24-11-03 06:10:00
2024-11-04 00:49:12;2024-11-04 09:06:52;92%;29860;29263;597;90%;false;0;0.0;;;;;15.139887;24-11-04 05:50:00;24-11-04 06:10:00
2024-11-05 01:23:05;2024-11-05 10:08:54;95%;31549;26817;4732;90%;false;0;0.0;;;;;18.991247;24-11-05 06:00:00;24-11-05 06:20:00
2024-11-06 00:36:56;2024-11-06 08:48:52;91%;29515;23612;2262;86%;false;0;0.0;;;;;15.245841;24-11-06 04:30:00;24-11-06 04:50:00
2024-11-06 23:55:59;2024-11-07 09:09:42;99%;33223;28350;1550;87%;false;0;0.0;;;;;17.088737;24-11-07 04:30:00;24-11-07 04:50:00
2024-11-08 02:12:03;2024-11-08 10:36:44;91%;30281;26647;605;81%;false;0;0.0;;;;;18.589401;;
2024-11-09 01:17:43;2024-11-09 10:05:40;94%;31677;27031;4645;83%;false;0;0.0;;;;;20.333183;24-11-09 05:20:00;24-11-09 05:40:00
2024-11-10 00:32:37;2024-11-10 08:54:39;86%;30122;25603;2710;80%;false;0;0.0;;;;;26.666248;24-11-10 04:35:00;24-11-10 04:55:00
2024-11-11 00:40:52;2024-11-11 11:27:24;78%;38791;32973;5818;83%;false;0;0.0;;;;;49.170006;;
2024-11-11 22:41:26;2024-11-12 05:15:21;70%;23634;20561;1575;64%;false;0;0.0;;;;;21.79256;24-11-12 00:55:00;24-11-12 01:15:00
2024-11-13 00:08:01;2024-11-13 08:18:03;84%;29401;23031;588;52%;false;0;0.0;;;;;45.672787;24-11-13 05:20:00;24-11-13 05:40:00
2024-11-15 00:09:11;2024-11-15 09:06:36;98%;32245;28913;1934;70%;false;0;0.0;;;;;18.637207;;
2024-11-17 02:39:50;2024-11-17 08:10:15;62%;19825;16256;2246;71%;false;0;0.0;;;;;12.325341;24-11-17 03:50:00;24-11-17 04:10:00
2024-11-18 01:05:33;2024-11-18 09:07:23;91%;28909;23898;2312;75%;false;0;0.0;;;;;12.51188;24-11-18 04:50:00;24-11-18 05:10:00
2024-11-20 02:00:50;2024-11-20 10:27:28;92%;30398;24926;4053;80%;false;0;0.0;;;;;17.824799;24-11-20 06:15:00;24-11-20 06:35:00
2024-11-21 01:51:00;2024-11-21 10:36:29;100%;31529;29532;1996;89%;false;0;0.0;;;;;9.621318;24-11-21 06:10:00;24-11-21 06:30:00
2024-11-22 03:55:51;2024-11-22 10:32:26;71%;23794;23318;475;90%;false;0;0.0;;;;;18.58654;;
2024-11-22 23:53:50;2024-11-23 08:08:55;88%;29705;26536;1386;75%;false;0;0.0;;;;;20.124605;24-11-23 03:55:00;24-11-23 04:15:00
2024-11-24 00:52:43;2024-11-24 10:08:38;96%;33355;29352;667;68%;false;0;0.0;;;;;21.241726;24-11-24 05:55:00;24-11-24 06:15:00
2024-11-25 00:35:32;2024-11-25 08:30:31;65%;28498;25268;1899;69%;false;0;0.0;;;;;54.581062;24-11-25 04:15:00;24-11-25 04:35:00
2024-11-26 02:49:22;2024-11-26 10:27:29;86%;27487;23455;2565;75%;false;0;0.0;;;;;12.444287;;
2024-11-27 00:52:12;2024-11-27 08:32:57;86%;27645;21378;2856;—;false;0;0.0;;;;;13.357267;24-11-27 05:00:00;24-11-27 05:20:00
2024-12-01 23:49:53;2024-12-02 06:50:30;61%;25237;21620;504;—;false;0;0.0;;;;;46.647907;24-12-02 04:50:00;24-12-02 05:10:00
2024-12-04 01:22:31;2024-12-04 08:48:53;69%;26781;22139;2053;71%;false;0;0.0;;;;;38.710876;;
2024-12-05 01:09:52;2024-12-05 09:27:47;80%;29874;26289;3584;82%;false;0;0.0;;;;;34.2963;24-12-05 05:10:00;24-12-05 05:30:00
2024-12-06 00:10:41;2024-12-06 04:14:50;47%;14649;14356;292;71%;false;0;0.0;;;;;8.242111;24-12-06 05:10:00;24-12-06 05:30:00
2024-12-07 02:17:07;2024-12-07 10:35:55;92%;29928;26336;2294;87%;false;0;0.0;;;;;14.729944;;
2024-12-08 01:02:36;2024-12-08 11:10:13;100%;36456;31838;4617;83%;false;0;0.0;;;;;14.126212;;
2024-12-09 01:33:04;2024-12-09 09:44:42;84%;29497;28121;1376;84%;false;0;0.0;;;;;26.023468;24-12-09 05:25:00;24-12-09 05:45:00
2024-12-10 01:39:32;2024-12-10 10:59:17;91%;33585;25413;2015;86%;false;0;0.0;;;;;28.372055;24-12-10 05:40:00;24-12-10 06:00:00
2024-12-11 01:26:15;2024-12-11 09:15:42;43%;28167;20656;4037;85%;false;0;0.0;;;;;89.62384;24-12-11 05:50:00;24-12-11 06:10:00
2024-12-13 01:33:42;2024-12-13 08:41:13;31%;25651;17956;7695;89%;false;0;0.0;;;;;178.99324;24-12-13 04:30:00;24-12-13 04:50:00
2024-12-14 02:54:18;2024-12-14 11:29:49;92%;30931;26703;927;80%;false;0;0.0;;;;;19.547333;;
2024-12-15 03:02:28;2024-12-15 11:19:13;90%;29804;29208;596;—;false;0;0.0;;;;;17.192297;;
2024-12-16 02:25:01;2024-12-16 11:05:50;98%;31249;27916;1874;85%;false;0;0.0;;;;;8.064429;24-12-16 07:10:00;24-12-16 07:30:00
2024-12-17 02:35:33;2024-12-17 11:11:46;95%;30973;28805;619;96%;false;0;0.0;;;;;13.576827;;
2024-12-18 02:25:16;2024-12-18 11:50:01;91%;33884;28349;677;95%;false;0;0.0;;;;;31.33997;;
2024-12-19 03:22:26;2024-12-19 11:57:01;93%;30875;27170;823;94%;false;0;0.0;;;;;17.393776;;
2024-12-20 04:42:19;2024-12-20 08:55:31;46%;15191;13469;1721;83%;false;0;0.0;;;;;13.789132;24-12-20 04:40:00;24-12-20 05:00:00
2024-12-21 02:23:51;2024-12-21 11:05:57;87%;31326;29342;626;72%;false;0;0.0;;;;;33.39844;;
2024-12-22 03:53:30;2024-12-22 12:30:56;93%;31045;30217;827;67%;false;0;0.0;;;;;17.647469;;
2024-12-23 02:00:49;2024-12-23 10:39:27;63%;31117;29250;622;69%;false;0;0.0;;;;;85.72548;;
2024-12-24 01:20:08;2024-12-24 10:28:54;89%;32925;27657;3621;79%;false;0;0.0;;;;;36.463818;;
2024-12-25 02:57:59;2024-12-25 13:23:29;87%;37530;30149;4503;75%;false;0;0.0;;;;;40.177284;;
2024-12-26 02:59:23;2024-12-26 11:27:33;91%;30489;28863;1626;80%;false;0;0.0;;;;;18.740435;;
2024-12-27 02:13:13;2024-12-27 08:48:39;47%;23726;17794;3875;72%;false;0;0.0;;;;;90.52779;24-12-27 05:55:00;24-12-27 06:15:00
2024-12-28 01:36:49;2024-12-28 10:43:46;87%;32816;28660;4156;78%;false;0;0.0;;;;;40.74191;24-12-28 06:30:00;24-12-28 06:50:00
2024-12-29 02:36:37;2024-12-29 11:06:00;90%;30562;26793;3769;80%;false;0;0.0;;;;;20.743895;24-12-29 06:40:00;24-12-29 07:00:00
2024-12-30 02:41:24;2024-12-30 11:00:15;71%;29930;25740;598;89%;false;0;0.0;;;;;60.631092;24-12-30 06:40:00;24-12-30 07:00:00
2024-12-31 02:27:07;2024-12-31 10:20:17;84%;28389;21102;1608;93%;false;0;0.0;;;;;21.196337;;
2025-01-01 01:15:56;2025-01-01 10:28:45;89%;33168;28967;995;93%;false;0;0.0;;;;;35.459145;;
2025-01-02 01:28:18;2025-01-02 09:57:35;95%;30557;26482;2648;—;false;0;0.0;;;;;11.256898;25-01-02 05:40:00;25-01-02 06:00:00
2025-01-03 01:40:20;2025-01-03 11:47:33;78%;36432;29874;4128;83%;false;0;0.0;;;;;60.014553;25-01-03 06:10:00;25-01-03 06:30:00
2025-01-04 00:41:59;2025-01-04 10:20:17;87%;34698;29262;1503;86%;false;0;0.0;;;;;41.356964;25-01-04 06:20:00;25-01-04 06:40:00
2025-01-05 01:00:21;2025-01-05 10:18:37;91%;33496;29141;4354;87%;false;0;0.0;;;;;31.569973;25-01-05 05:20:00;25-01-05 05:40:00
2025-01-06 00:52:43;2025-01-06 10:00:22;94%;32858;27601;5257;91%;false;0;0.0;;;;;24.79425;25-01-06 05:40:00;25-01-06 06:00:00
2025-01-07 01:32:23;2025-01-07 10:22:19;84%;31796;23635;3391;95%;false;0;0.0;;;;;41.89447;25-01-07 05:40:00;25-01-07 06:00:00
2025-01-08 00:44:46;2025-01-08 11:16:06;91%;37880;31314;757;91%;false;0;0.0;;;;;31.157022;;
2025-01-09 03:04:43;2025-01-09 10:38:31;67%;27228;24415;1452;84%;false;0;0.0;;;;;56.48267;;
2025-01-10 02:32:10;2025-01-10 10:31:41;81%;28771;25031;575;85%;false;0;0.0;;;;;32.10124;;
2025-01-11 03:18:12;2025-01-11 11:10:39;81%;28347;23811;1984;86%;false;0;0.0;;;;;29.657562;;
2025-01-13 01:27:26;2025-01-13 10:55:30;100%;34084;29994;2499;85%;false;0;0.0;;;;;11.65431;25-01-13 06:10:00;25-01-13 06:30:00
2025-01-14 00:39:41;2025-01-14 08:08:42;69%;26940;24695;538;76%;false;0;0.0;;;;;48.55364;25-01-14 03:55:00;25-01-14 04:15:00
2025-01-17 02:13:17;2025-01-17 09:51:59;86%;27522;25320;550;73%;false;0;0.0;;;;;10.4493685;;
2025-01-18 01:54:12;2025-01-18 09:53:57;88%;28784;25138;1343;97%;false;0;0.0;;;;;15.036339;;
2025-01-19 01:13:30;2025-01-19 10:30:42;92%;33432;29308;2340;93%;false;0;0.0;;;;;29.631784;25-01-19 06:10:00;25-01-19 06:30:00
2025-01-20 01:36:05;2025-01-20 10:23:35;97%;31650;22788;2954;94%;false;0;0.0;;;;;15.041553;;
2025-01-21 01:10:54;2025-01-21 10:30:45;90%;33591;29112;1903;94%;false;0;0.0;;;;;33.08902;25-01-21 06:10:00;25-01-21 06:30:00
2025-01-22 01:11:55;2025-01-22 10:28:29;83%;33394;28830;4563;97%;false;0;0.0;;;;;49.108585;25-01-22 06:10:00;25-01-22 06:30:00
2025-01-23 03:15:59;2025-01-23 10:47:19;82%;27080;21573;2166;92%;false;0;0.0;;;;;16.747122;;
2025-01-24 01:40:29;2025-01-24 10:18:06;81%;31057;26605;1863;87%;false;0;0.0;;;;;44.925537;25-01-24 06:35:00;25-01-24 06:55:00
2025-01-25 01:32:48;2025-01-25 07:59:35;55%;23206;22742;464;81%;false;0;0.0;;;;;61.878975;25-01-25 03:50:00;25-01-25 04:10:00
2025-01-26 02:58:46;2025-01-26 10:35:21;71%;27394;23741;547;76%;false;0;0.0;;;;;46.166187;;
2025-01-27 01:36:34;2025-01-27 10:34:40;87%;32285;26689;645;78%;false;0;0.0;;;;;39.950718;;
2025-01-28 02:13:21;2025-01-28 09:57:08;84%;27827;27271;556;82%;false;0;0.0;;;;;18.588745;;
2025-01-29 01:48:33;2025-01-29 10:49:43;94%;32469;30196;2272;89%;false;0;0.0;;;;;27.088654;;
2025-01-30 01:34:34;2025-01-30 09:10:47;82%;27372;26277;1094;88%;false;0;0.0;;;;;20.145601;25-01-30 05:00:00;25-01-30 05:20:00
2025-01-31 04:51:14;2025-01-31 10:34:37;56%;20602;16894;412;78%;false;0;0.0;;;;;36.8489;25-01-31 06:35:00;25-01-31 06:55:00
2025-01-31 10:34:50;2025-01-31 10:58:31;5%;1421;1392;28;0%;false;0;0.0;;;;;1.0;25-01-31 06:35:00;25-01-31 06:55:00
2025-02-01 01:47:37;2025-02-01 11:10:42;96%;33785;30744;675;72%;false;0;0.0;;;;;22.402786;;
2025-02-01 23:37:13;2025-02-02 08:02:27;95%;30314;29708;606;—;false;0;0.0;;;;;11.267073;25-02-02 03:45:00;25-02-02 04:05:00
2025-02-05 23:17:04;2025-02-06 06:46:24;79%;26960;24623;2336;—;false;0;0.0;;;;;22.865942;25-02-06 02:35:00;25-02-06 02:55:00
2025-02-07 02:12:50;2025-02-07 11:06:36;93%;32025;30317;1708;39%;false;0;0.0;;;;;26.247644;;
2025-02-08 01:33:01;2025-02-08 10:13:59;96%;31258;30424;833;63%;false;0;0.0;;;;;13.408519;25-02-08 06:25:00;25-02-08 06:45:00
2025-02-09 03:11:01;2025-02-09 10:27:42;81%;26201;23755;1135;70%;false;0;0.0;;;;;13.259842;25-02-09 07:25:00;25-02-09 07:45:00
2025-02-10 02:34:45;2025-02-10 10:13:32;83%;27526;25048;917;88%;false;0;0.0;;;;;18.88993;25-02-10 07:25:00;25-02-10 07:45:00
2025-02-11 01:24:43;2025-02-11 09:54:44;92%;30600;29988;612;88%;false;0;0.0;;;;;18.747812;25-02-11 05:40:00;25-02-11 06:00:00
2025-02-12 02:58:58;2025-02-12 10:06:50;71%;25672;23618;2053;89%;false;0;0.0;;;;;33.46927;;
2025-02-14 01:30:39;2025-02-14 10:16:04;86%;31525;26271;630;86%;false;0;0.0;;;;;35.47626;25-02-14 07:10:00;25-02-14 07:30:00
2025-02-16 00:46:13;2025-02-16 09:51:33;97%;32719;30865;1854;90%;false;0;0.0;;;;;18.491383;25-02-16 05:35:00;25-02-16 05:55:00
2025-02-17 02:10:02;2025-02-17 10:00:42;87%;28240;23062;3200;89%;false;0;0.0;;;;;14.239727;25-02-17 06:40:00;25-02-17 07:00:00
2025-02-18 02:14:16;2025-02-18 10:00:22;87%;27966;26474;1491;93%;false;0;0.0;;;;;11.380151;25-02-18 05:40:00;25-02-18 06:00:00
2025-02-19 02:06:57;2025-02-19 10:01:33;80%;28475;24204;569;95%;false;0;0.0;;;;;31.15574;;
2025-02-20 01:45:49;2025-02-20 09:55:43;92%;29394;26160;1371;98%;false;0;0.0;;;;;11.238891;25-02-20 06:25:00;25-02-20 06:45:00
2025-02-21 01:17:43;2025-02-21 09:45:11;95%;30448;27403;2131;97%;false;0;0.0;;;;;10.120622;25-02-21 05:55:00;25-02-21 06:15:00
2025-02-22 01:32:41;2025-02-22 08:52:23;79%;26382;24711;1670;94%;false;0;0.0;;;;;18.251574;25-02-22 06:10:00;25-02-22 06:30:00
2025-02-23 00:48:04;2025-02-23 09:30:28;92%;31344;26851;4492;91%;false;0;0.0;;;;;21.709867;25-02-23 05:30:00;25-02-23 05:50:00
2025-02-24 03:21:53;2025-02-24 10:35:14;79%;26000;21233;520;83%;false;0;0.0;;;;;15.362852;;
2025-02-25 01:22:27;2025-02-25 09:59:28;94%;31021;26574;3102;—;false;0;0.0;;;;;16.879765;25-02-25 05:40:00;25-02-25 06:00:00
2025-02-26 02:17:49;2025-02-26 10:41:14;80%;30205;27487;1006;78%;false;0;0.0;;;;;40.585663;;
2025-02-27 01:37:40;2025-02-27 09:30:09;76%;28348;23529;1511;83%;false;0;0.0;;;;;37.695694;;
2025-03-06 02:09:04;2025-03-06 10:33:02;86%;30237;26810;1310;—;false;0;0.0;;;;;40.483196;25-03-06 06:15:00;25-03-06 06:35:00
2025-03-07 02:25:03;2025-03-07 10:21:29;87%;28586;23917;1334;96%;false;0;0.0;;;;;17.70699;25-03-07 06:40:00;25-03-07 07:00:00
2025-03-08 02:16:37;2025-03-08 10:46:31;94%;30594;28350;611;96%;false;0;0.0;;;;;13.777742;25-03-08 06:40:00;25-03-08 07:00:00
2025-03-08 22:07:01;2025-03-09 01:50:28;40%;13406;13138;268;61%;false;0;0.0;;;;;17.881804;25-03-08 21:50:00;25-03-08 22:10:00
2025-03-11 21:20:37;2025-03-12 05:17:29;88%;28611;22603;2384;—;false;0;0.0;;;;;13.533058;25-03-12 07:00:00;25-03-12 07:20:00
2025-03-12 21:42:38;2025-03-13 06:23:41;92%;31262;29490;625;88%;false;0;0.0;;;;;23.866684;;
2025-03-13 21:45:40;2025-03-14 06:44:56;72%;32356;28149;647;92%;false;0;0.0;;;;;71.22047;25-03-14 07:00:00;25-03-14 07:20:00
2025-03-14 22:15:43;2025-03-15 05:15:39;76%;25195;20912;503;89%;false;0;0.0;;;;;17.349834;25-03-15 06:00:00;25-03-15 06:20:00
2025-03-15 23:35:58;2025-03-16 06:16:39;74%;24040;20995;1762;87%;false;0;0.0;;;;;15.121778;25-03-16 06:10:00;25-03-16 06:30:00
2025-03-16 21:37:35;2025-03-17 06:22:14;95%;31478;25497;2308;82%;false;0;0.0;;;;;17.201794;25-03-17 10:10:00;25-03-17 10:30:00
2025-03-17 21:29:11;2025-03-18 06:00:20;91%;30669;28317;2351;86%;false;0;0.0;;;;;21.544369;25-03-18 07:10:00;25-03-18 07:30:00
2025-03-20 21:46:37;2025-03-21 06:09:01;74%;30144;28033;602;96%;false;0;0.0;;;;;54.86278;25-03-21 07:10:00;25-03-21 07:30:00
2025-03-22 21:46:20;2025-03-23 06:31:33;81%;31513;27416;2100;80%;false;0;0.0;;;;;48.475082;25-03-23 09:10:00;25-03-23 09:30:00
2025-04-11 01:05:15;2025-04-11 12:19:31;99%;40456;36815;809;—;false;0;0.0;;;;;15.366123;;
2025-04-12 01:09:26;2025-04-12 06:20:48;37%;18681;12952;373;50%;false;0;0.0;;;;;86.440575;;
2025-04-13 00:45:24;2025-04-13 12:37:04;100%;42700;41846;854;47%;false;0;0.0;;;;;5.2334156;;
2025-04-14 00:52:46;2025-04-14 08:17:45;64%;26699;24741;533;52%;false;0;0.0;;;;;60.73942;25-04-14 03:25:00;25-04-14 03:45:00
2025-04-15 03:25:04;2025-04-15 08:35:18;60%;18613;18241;372;61%;false;0;0.0;;;;;5.299393;25-04-15 03:15:00;25-04-15 03:35:00
2025-04-15 23:13:12;2025-04-16 08:35:27;100%;33735;29350;1349;68%;false;0;0.0;;;;;13.833236;25-04-16 03:40:00;25-04-16 04:00:00
2025-04-17 01:03:48;2025-04-17 09:30:08;93%;30379;25214;2126;73%;false;0;0.0;;;;;14.371238;25-04-17 04:10:00;25-04-17 04:30:00
2025-04-18 05:23:31;2025-04-18 08:09:30;31%;9959;9760;199;65%;false;0;0.0;;;;;7.419663;;
2025-04-19 01:21:58;2025-04-19 10:12:22;84%;31824;27263;2227;60%;false;0;0.0;;;;;43.663338;;
2025-04-20 03:45:45;2025-04-20 12:43:21;94%;32255;27739;1290;54%;false;0;0.0;;;;;24.225904;;
2025-04-21 02:45:05;2025-04-21 11:00:56;89%;29751;23503;595;62%;false;0;0.0;;;;;20.573029;25-04-21 05:45:00;25-04-21 06:05:00
2025-04-21 23:54:51;2025-04-22 07:44:28;77%;28177;26016;2160;62%;false;0;0.0;;;;;36.46679;25-04-22 02:40:00;25-04-22 03:00:00
2025-04-23 01:12:22;2025-04-23 10:13:29;97%;32467;25432;2056;65%;false;0;0.0;;;;;19.829922;25-04-23 04:50:00;25-04-23 05:10:00
2025-04-24 01:54:36;2025-04-24 08:23:19;72%;23322;20290;466;65%;false;0;0.0;;;;;14.443119;25-04-24 03:05:00;25-04-24 03:25:00
2025-04-25 02:13:16;2025-04-25 10:26:14;95%;29577;26422;591;76%;false;0;0.0;;;;;5.6802187;25-04-25 05:10:00;25-04-25 05:30:00
2025-04-26 02:19:46;2025-04-26 09:06:53;74%;24426;18970;2279;82%;false;0;0.0;;;;;17.284542;25-04-26 05:40:00;25-04-26 06:00:00
2025-04-27 01:46:08;2025-04-27 10:12:54;93%;30405;24121;2635;85%;false;0;0.0;;;;;15.340214;25-04-27 05:40:00;25-04-27 06:00:00
2025-04-28 00:25:28;2025-04-28 09:10:20;90%;31491;28342;629;85%;false;0;0.0;;;;;28.558643;25-04-28 03:50:00;25-04-28 04:10:00
2025-04-29 00:25:45;2025-04-29 10:17:05;96%;35479;30748;4730;86%;false;0;0.0;;;;;20.9095;25-04-29 04:10:00;25-04-29 04:30:00
2025-04-30 00:56:47;2025-04-30 11:19:49;99%;37381;28160;1993;86%;false;0;0.0;;;;;15.519202;25-04-30 04:40:00;25-04-30 05:00:00
2025-05-01 01:57:44;2025-05-01 11:06:45;97%;32940;28219;1647;89%;false;0;0.0;;;;;18.330128;25-05-01 06:40:00;25-05-01 07:00:00
2025-05-02 02:53:07;2025-05-02 10:55:19;85%;28931;24013;578;89%;false;0;0.0;;;;;23.910353;25-05-02 06:10:00;25-05-02 06:30:00
2025-05-03 00:28:06;2025-05-03 01:29:30;12%;3683;0;3683;67%;false;0;0.0;;;;;1.0;25-05-03 03:40:00;25-05-03 04:00:00
2025-05-03 02:24:49;2025-05-03 09:00:19;69%;23730;19458;4271;87%;false;0;0.0;;;;;23.316341;25-05-03 03:40:00;25-05-03 04:00:00
2025-05-04 01:52:40;2025-05-04 10:07:22;90%;29681;25724;1583;86%;false;0;0.0;;;;;15.514754;25-05-04 05:40:00;25-05-04 06:00:00
2025-05-05 01:00:44;2025-05-05 08:43:53;81%;27789;27233;555;83%;false;0;0.0;;;;;24.97628;25-05-05 04:40:00;25-05-05 05:00:00
2025-05-06 00:50:37;2025-05-06 09:18:30;94%;30473;26612;1726;87%;false;0;0.0;;;;;13.732949;25-05-06 04:40:00;25-05-06 05:00:00
2025-05-07 00:39:51;2025-05-07 09:14:35;95%;30883;29648;1235;91%;false;0;0.0;;;;;13.681818;25-05-07 04:20:00;25-05-07 04:40:00
2025-05-08 00:38:02;2025-05-08 09:02:45;89%;30283;25336;605;97%;false;0;0.0;;;;;22.05015;25-05-08 04:20:00;25-05-08 04:40:00
2025-05-09 00:27:55;2025-05-09 09:05:25;97%;31049;26081;2794;98%;false;0;0.0;;;;;10.054;25-05-09 04:10:00;25-05-09 04:30:00
2025-05-10 01:46:31;2025-05-10 09:36:45;82%;28213;21818;3197;94%;false;0;0.0;;;;;24.064106;25-05-10 05:25:00;25-05-10 05:45:00
2025-05-11 01:14:54;2025-05-11 10:03:53;97%;31739;27824;3279;92%;false;0;0.0;;;;;14.905418;25-05-11 04:55:00;25-05-11 05:15:00
2025-05-13 01:24:57;2025-05-13 09:15:11;84%;28213;22665;2351;92%;false;0;0.0;;;;;19.209105;25-05-13 05:05:00;25-05-13 05:25:00
2025-05-14 01:15:06;2025-05-14 09:24:24;89%;29358;22899;4207;95%;false;0;0.0;;;;;16.871624;25-05-14 04:55:00;25-05-14 05:15:00
2025-05-15 00:58:15;2025-05-15 08:49:37;86%;28281;24322;565;95%;false;0;0.0;;;;;14.6409;25-05-15 04:45:00;25-05-15 05:05:00
2025-05-16 00:47:48;2025-05-16 09:31:44;97%;31435;25777;3667;94%;false;0;0.0;;;;;12.559544;25-05-16 04:25:00;25-05-16 04:45:00
2025-05-17 03:17:34;2025-05-17 09:35:53;67%;22699;17629;1437;88%;false;0;0.0;;;;;21.000383;;
2025-05-18 01:37:11;2025-05-18 09:15:49;82%;27517;23389;2935;85%;false;0;0.0;;;;;18.707066;;
2025-05-19 00:36:12;2025-05-19 08:06:07;82%;26994;24745;539;81%;false;0;0.0;;;;;16.262691;25-05-19 04:20:00;25-05-19 04:40:00
2025-05-20 01:27:19;2025-05-20 09:30:04;86%;28965;22399;3572;82%;false;0;0.0;;;;;19.058035;25-05-20 05:10:00;25-05-20 05:30:00
2025-05-21 01:50:38;2025-05-21 10:21:02;92%;30623;27357;1429;84%;false;0;0.0;;;;;17.08987;;
2025-05-22 00:52:11;2025-05-22 08:51:48;82%;28777;23501;1822;83%;false;0;0.0;;;;;27.218662;25-05-22 04:35:00;25-05-22 04:55:00
2025-05-23 02:31:40;2025-05-23 10:31:10;78%;28770;24646;575;81%;false;0;0.0;;;;;36.204388;;
2025-05-24 01:48:43;2025-05-24 10:15:22;89%;30399;25434;810;81%;false;0;0.0;;;;;21.411602;;
2025-05-25 00:48:10;2025-05-25 08:55:20;52%;29229;21727;584;82%;false;0;0.0;;;;;93.46963;25-05-25 03:40:00;25-05-25 04:00:00
2025-05-26 00:58:46;2025-05-26 09:40:19;96%;31293;27746;2294;88%;false;0;0.0;;;;;13.565083;25-05-26 04:40:00;25-05-26 05:00:00
2025-05-27 00:56:08;2025-05-27 10:49:18;87%;35590;32386;711;88%;false;0;0.0;;;;;37.427162;25-05-27 04:40:00;25-05-27 05:00:00
2025-05-28 05:28:31;2025-05-28 11:28:23;60%;21591;17345;431;80%;false;0;0.0;;;;;31.234907;;
2025-05-29 02:13:12;2025-05-29 09:33:39;83%;26427;21846;1233;68%;false;0;0.0;;;;;9.767126;;
2025-05-29 23:16:05;2025-05-30 07:21:50;90%;29145;24676;582;57%;false;0;0.0;;;;;12.840783;25-05-30 02:10:00;25-05-30 02:30:00
2025-05-31 01:08:13;2025-05-31 09:54:09;97%;31555;28505;631;59%;false;0;0.0;;;;;13.132394;25-05-31 04:40:00;25-05-31 05:00:00
2025-06-01 00:48:39;2025-06-01 10:58:59;97%;36620;32591;732;70%;false;0;0.0;;;;;18.230106;25-06-01 04:30:00;25-06-01 04:50:00
2025-06-02 00:58:31;2025-06-02 09:45:47;95%;31635;25624;2741;80%;false;0;0.0;;;;;18.03843;25-06-02 04:40:00;25-06-02 05:00:00
2025-06-03 01:04:24;2025-06-03 09:23:01;91%;29917;25629;2193;91%;false;0;0.0;;;;;15.792397;25-06-03 04:40:00;25-06-03 05:00:00
2025-06-04 00:52:06;2025-06-04 09:17:45;92%;30339;27507;1314;94%;false;0;0.0;;;;;15.696173;25-06-04 04:30:00;25-06-04 04:50:00
2025-06-05 00:29:25;2025-06-05 09:05:40;95%;30975;28910;619;96%;false;0;0.0;;;;;14.4551525;25-06-05 04:10:00;25-06-05 04:30:00
2025-06-06 01:41:40;2025-06-06 09:30:29;87%;28128;21752;2625;93%;false;0;0.0;;;;;12.135801;;
2025-06-07 02:23:31;2025-06-07 09:49:01;77%;26730;20136;1336;91%;false;0;0.0;;;;;25.539791;;
2025-06-10 01:17:52;2025-06-10 09:10:12;84%;28340;23239;1794;85%;false;0;0.0;;;;;18.952492;;
2025-06-12 01:17:09;2025-06-12 08:41:21;80%;26651;21587;2309;96%;false;0;0.0;;;;;16.30826;25-06-12 03:25:00;25-06-12 03:45:00
2025-06-14 00:47:20;2025-06-14 08:53:20;89%;29160;24591;1652;94%;false;0;0.0;;;;;14.080755;25-06-14 04:10:00;25-06-14 04:30:00
2025-06-15 02:06:29;2025-06-15 08:15:18;64%;22128;15637;4130;89%;false;0;0.0;;;;;23.637407;25-06-15 03:15:00;25-06-15 03:35:00
2025-06-16 01:29:51;2025-06-16 10:15:37;97%;31546;28181;1261;81%;false;0;0.0;;;;;12.392382;25-06-16 05:10:00;25-06-16 05:30:00
2025-06-17 02:47:04;2025-06-17 11:37:22;91%;31817;28105;636;80%;false;0;0.0;;;;;25.532171;;
2025-06-18 01:14:16;2025-06-18 10:09:03;96%;32087;29092;641;77%;false;0;0.0;;;;;17.72331;25-06-18 04:55:00;25-06-18 05:15:00
2025-06-19 02:59:02;2025-06-19 10:36:13;83%;27430;24138;3291;78%;false;0;0.0;;;;;15.891563;;
2025-06-20 01:45:29;2025-06-20 10:36:25;96%;31856;29838;2017;82%;false;0;0.0;;;;;15.993051;25-06-20 05:25:00;25-06-20 05:45:00
2025-06-21 02:12:46;2025-06-21 09:59:04;83%;27977;24433;1119;87%;false;0;0.0;;;;;19.430431;25-06-21 04:40:00;25-06-21 05:00:00
2025-06-22 00:46:52;2025-06-22 09:59:23;98%;33151;30941;663;90%;false;0;0.0;;;;;15.252994;25-06-22 04:30:00;25-06-22 04:50:00
2025-06-23 00:32:10;2025-06-23 11:00:00;91%;37670;30261;2134;90%;false;0;0.0;;;;;29.589252;25-06-23 04:15:00;25-06-23 04:35:00
2025-06-24 00:11:51;2025-06-24 09:58:07;97%;35175;32830;703;89%;false;0;0.0;;;;;17.661629;25-06-24 04:15:00;25-06-24 04:35:00
2025-06-25 00:26:05;2025-06-25 09:49:29;95%;33803;29747;4056;92%;false;0;0.0;;;;;20.543886;25-06-25 04:50:00;25-06-25 05:10:00
2025-06-26 01:43:17;2025-06-26 09:48:26;89%;29109;24839;582;92%;false;0;0.0;;;;;13.327983;25-06-26 05:25:00;25-06-26 05:45:00
2025-06-27 01:14:21;2025-06-27 10:05:25;98%;31863;28464;3398;93%;false;0;0.0;;;;;13.593078;25-06-27 04:55:00;25-06-27 05:15:00
2025-06-28 02:00:34;2025-06-28 10:24:19;89%;30225;22366;2317;91%;false;0;0.0;;;;;19.746983;;
2025-06-29 03:13:28;2025-06-29 11:35:11;89%;30103;24584;602;88%;false;0;0.0;;;;;19.541285;;
2025-06-30 03:20:53;2025-06-30 11:58:22;94%;31049;27840;1345;89%;false;0;0.0;;;;;15.905626;;
2025-07-01 01:06:20;2025-07-01 08:59:18;83%;28378;26202;567;77%;false;0;0.0;;;;;20.86013;25-07-01 03:50:00;25-07-01 04:10:00
2025-07-02 00:15:29;2025-07-02 08:20:28;66%;29098;23957;581;80%;false;0;0.0;;;;;60.11347;25-07-02 03:10:00;25-07-02 03:30:00
2025-07-03 02:00:36;2025-07-03 08:41:00;73%;24023;20660;1761;76%;false;0;0.0;;;;;15.128755;25-07-03 03:30:00;25-07-03 03:50:00
2025-07-04 01:19:54;2025-07-04 11:06:02;96%;35168;32471;1406;81%;false;0;0.0;;;;;19.0329;;
2025-07-05 02:41:35;2025-07-05 10:08:14;80%;26798;24922;1875;79%;false;0;0.0;;;;;16.877905;;
2025-07-06 03:11:13;2025-07-06 10:39:13;80%;26879;25714;1164;82%;false;0;0.0;;;;;19.228912;;
2025-07-07 02:33:46;2025-07-07 09:46:34;75%;25967;21813;4154;87%;false;0;0.0;;;;;24.269917;;
2025-07-08 01:48:33;2025-07-08 10:44:19;98%;32146;30003;642;88%;false;0;0.0;;;;;14.123437;;
2025-07-09 01:22:23;2025-07-09 09:49:45;89%;30442;26891;3551;87%;false;0;0.0;;;;;20.786764;25-07-09 04:30:00;25-07-09 04:50:00
2025-07-10 01:26:58;2025-07-10 09:24:53;86%;28674;26763;1911;90%;false;0;0.0;;;;;16.81835;25-07-10 05:10:00;25-07-10 05:30:00
2025-07-11 01:27:20;2025-07-11 09:59:45;93%;30745;30130;614;93%;false;0;0.0;;;;;15.249881;25-07-11 05:10:00;25-07-11 05:30:00
2025-07-12 01:32:24;2025-07-12 09:09:34;81%;27430;19932;4114;94%;false;0;0.0;;;;;19.961258;25-07-12 05:10:00;25-07-12 05:30:00
2025-07-13 04:02:33;2025-07-13 13:01:07;96%;32313;29728;646;78%;false;0;0.0;;;;;19.39293;;
2025-07-14 03:02:23;2025-07-14 11:10:19;89%;29275;25664;1854;72%;false;0;0.0;;;;;14.500171;;
2025-07-15 01:24:53;2025-07-15 09:52:55;89%;30482;27637;1524;66%;false;0;0.0;;;;;21.726355;25-07-15 04:30:00;25-07-15 04:50:00
2025-07-16 01:39:44;2025-07-16 10:24:13;93%;31469;26539;3251;82%;false;0;0.0;;;;;19.915545;25-07-16 04:30:00;25-07-16 04:50:00
2025-07-17 01:34:08;2025-07-17 10:26:09;95%;31920;26813;638;89%;false;0;0.0;;;;;18.223799;25-07-17 05:10:00;25-07-17 05:30:00
2025-07-18 01:34:31;2025-07-18 10:13:00;96%;31108;26649;2903;97%;false;0;0.0;;;;;11.478082;25-07-18 05:05:00;25-07-18 05:25:00
2025-07-19 01:58:59;2025-07-19 10:10:15;88%;29476;26529;2947;98%;false;0;0.0;;;;;17.639822;25-07-19 05:05:00;25-07-19 05:25:00
2025-07-20 02:19:29;2025-07-20 11:32:36;99%;33187;28208;2876;93%;false;0;0.0;;;;;12.931976;;
2025-07-21 01:44:44;2025-07-21 10:43:18;95%;32314;30483;1831;90%;false;0;0.0;;;;;19.90805;;
2025-07-22 00:45:09;2025-07-22 09:42:22;93%;32233;27935;4297;86%;false;0;0.0;;;;;23.18954;25-07-22 04:25:00;25-07-22 04:45:00
2025-07-23 01:27:20;2025-07-23 10:27:45;74%;32424;27776;4647;86%;false;0;0.0;;;;;56.896538;25-07-23 05:10:00;25-07-23 05:30:00
2025-07-24 01:35:05;2025-07-24 09:53:12;93%;29886;25603;1195;88%;false;0;0.0;;;;;10.779548;25-07-24 05:10:00;25-07-24 05:30:00
2025-07-25 04:04:03;2025-07-25 11:19:02;77%;26099;20183;2000;83%;false;0;0.0;;;;;20.31226;;
2025-07-26 00:31:20;2025-07-26 10:02:00;96%;34240;33213;1027;74%;false;0;0.0;;;;;19.196903;;
2025-07-27 02:38:45;2025-07-27 11:44:52;95%;32767;28834;2184;65%;false;0;0.0;;;;;20.534046;;
2025-07-28 02:00:51;2025-07-28 09:51:06;88%;28215;24359;1598;69%;false;0;0.0;;;;;10.295298;;
2025-07-29 00:07:09;2025-07-29 09:58:40;85%;35490;32059;709;77%;false;0;0.0;;;;;38.99495;25-07-29 03:50:00;25-07-29 04:10:00
2025-07-30 01:01:03;2025-07-30 09:35:53;95%;30889;25946;1956;84%;false;0;0.0;;;;;12.925833;25-07-30 04:45:00;25-07-30 05:05:00
2025-07-31 00:31:19;2025-07-31 08:20:20;77%;28141;25045;562;86%;false;0;0.0;;;;;32.548775;25-07-31 03:00:00;25-07-31 03:20:00
2025-08-01 00:46:09;2025-08-01 08:30:22;87%;27853;23954;649;90%;false;0;0.0;;;;;10.539862;25-08-01 03:10:00;25-08-01 03:30:00
2025-08-02 01:06:43;2025-08-02 09:26:23;87%;29980;23984;4097;90%;false;0;0.0;;;;;23.008999;25-08-02 05:10:00;25-08-02 05:30:00
2025-08-03 03:11:00;2025-08-03 09:29:27;67%;22707;18620;1967;89%;false;0;0.0;;;;;19.36602;;
2025-08-04 00:58:17;2025-08-04 10:11:27;100%;33190;32527;663;82%;false;0;0.0;;;;;12.384804;25-08-04 05:10:00;25-08-04 05:30:00
2025-08-05 01:00:08;2025-08-05 07:39:19;75%;23950;20118;1357;79%;false;0;0.0;;;;;8.4107895;25-08-05 02:25:00;25-08-05 02:45:00
2025-08-05 07:57:48;2025-08-05 10:28:04;28%;9015;5409;2614;0%;false;0;0.0;;;;;10.279438;25-08-05 05:15:00;25-08-05 05:35:00
2025-08-06 01:18:57;2025-08-06 10:04:23;95%;31525;28793;1366;77%;false;0;0.0;;;;;15.054609;25-08-06 05:00:00;25-08-06 05:20:00
2025-08-07 01:39:35;2025-08-07 09:26:53;86%;28038;21963;2897;83%;false;0;0.0;;;;;12.556056;25-08-07 04:55:00;25-08-07 05:15:00
2025-08-08 02:06:34;2025-08-08 09:50:12;83%;27817;26333;1483;87%;false;0;0.0;;;;;17.053028;;
2025-08-09 01:04:40;2025-08-09 09:14:54;86%;29413;26276;2255;90%;false;0;0.0;;;;;21.337065;25-08-09 04:00:00;25-08-09 04:20:00
2025-08-10 04:06:56;2025-08-10 09:56:33;61%;20977;16292;3356;83%;false;0;0.0;;;;;22.043587;;
2025-08-11 02:44:50;2025-08-11 10:13:36;82%;26925;22348;1525;81%;false;0;0.0;;;;;14.785542;;
2025-08-12 01:32:00;2025-08-12 09:54:57;88%;30177;28668;1508;81%;false;0;0.0;;;;;20.322111;25-08-12 04:40:00;25-08-12 05:00:00
2025-08-13 01:52:48;2025-08-13 10:02:46;83%;29397;22243;4213;90%;false;0;0.0;;;;;25.71879;;
2025-08-14 02:03:33;2025-08-14 10:15:14;80%;29500;27337;2163;93%;false;0;0.0;;;;;32.65848;;
2025-08-15 02:26:38;2025-08-15 09:56:47;78%;27009;25749;1260;96%;false;0;0.0;;;;;21.802649;;
2025-08-16 02:18:08;2025-08-16 10:21:29;86%;29001;23780;1160;95%;false;0;0.0;;;;;18.92844;;
2025-08-17 03:27:54;2025-08-17 10:36:52;70%;25737;21790;514;93%;false;0;0.0;;;;;31.1282;;
2025-08-18 02:01:36;2025-08-18 11:03:33;95%;32517;27314;1409;89%;false;0;0.0;;;;;19.696203;;
2025-08-19 02:39:39;2025-08-19 10:25:16;81%;27937;23746;4190;87%;false;0;0.0;;;;;21.391312;25-08-19 05:05:00;25-08-19 05:25:00
2025-08-20 01:40:34;2025-08-20 10:47:51;93%;32836;29443;656;87%;false;0;0.0;;;;;22.96854;;
2025-08-21 01:29:10;2025-08-21 10:37:57;96%;32926;32048;878;92%;false;0;0.0;;;;;17.868176;;
2025-08-22 02:22:30;2025-08-22 09:15:14;72%;24764;22452;825;89%;false;0;0.0;;;;;21.37399;25-08-22 04:15:00;25-08-22 04:35:00
2025-08-23 03:02:51;2025-08-23 11:13:35;86%;29444;26598;588;85%;false;0;0.0;;;;;20.175676;;
2025-08-24 03:16:18;2025-08-24 11:35:15;89%;29936;28539;598;85%;false;0;0.0;;;;;17.349674;;
2025-08-25 03:35:42;2025-08-25 10:56:56;82%;26473;23296;1411;88%;false;0;0.0;;;;;10.938144;;
2025-08-26 01:53:30;2025-08-26 10:09:58;89%;29788;27405;2383;89%;false;0;0.0;;;;;16.221016;;
2025-08-27 02:06:23;2025-08-27 10:42:35;91%;30972;28907;2064;88%;false;0;0.0;;;;;19.978296;;
2025-08-28 02:09:07;2025-08-28 10:40:21;90%;30673;29549;1124;91%;false;0;0.0;;;;;19.225138;;
2025-08-29 01:24:09;2025-08-29 09:47:37;81%;30208;25878;604;93%;false;0;0.0;;;;;33.42141;;
2025-08-30 04:16:54;2025-08-30 12:15:45;86%;28731;26241;2490;80%;false;0;0.0;;;;;16.201523;;
2025-08-31 02:34:04;2025-08-31 11:00:11;89%;30367;29557;809;72%;false;0;0.0;;;;;20.218113;;
2025-09-01 02:09:09;2025-09-01 10:38:16;88%;30546;28102;2443;75%;false;0;0.0;;;;;22.288546;25-09-01 05:50:00;25-09-01 06:10:00
2025-09-02 01:30:51;2025-09-02 10:24:01;98%;31989;30709;1279;87%;false;0;0.0;;;;;13.037721;25-09-02 05:10:00;25-09-02 05:30:00
2025-09-03 01:09:28;2025-09-03 09:32:30;94%;30182;26660;1307;92%;false;0;0.0;;;;;10.832991;25-09-03 05:10:00;25-09-03 05:30:00
2025-09-04 01:18:56;2025-09-04 10:18:15;80%;32358;31172;1186;92%;false;0;0.0;;;;;44.50424;25-09-04 05:00:00;25-09-04 05:20:00
2025-09-05 01:14:06;2025-09-05 10:03:44;88%;31777;27117;635;93%;false;0;0.0;;;;;29.088333;25-09-05 04:55:00;25-09-05 05:15:00
2025-09-06 01:39:36;2025-09-06 08:39:53;78%;25216;22274;504;91%;false;0;0.0;;;;;11.110489;25-09-06 05:20:00;25-09-06 05:40:00
2025-09-07 01:25:57;2025-09-07 10:19:35;73%;32018;27215;4802;89%;false;0;0.0;;;;;55.236523;25-09-07 05:05:00;25-09-07 05:25:00
2025-09-08 01:15:42;2025-09-08 09:38:38;88%;30175;26454;603;87%;false;0;0.0;;;;;21.264091;25-09-08 04:55:00;25-09-08 05:15:00
2025-09-10 02:33:11;2025-09-10 10:21:29;78%;28098;20605;2341;88%;false;0;0.0;;;;;28.985796;;
2025-09-12 01:23:43;2025-09-12 09:19:42;87%;28559;27988;571;82%;false;0;0.0;;;;;14.659242;25-09-12 04:00:00;25-09-12 04:20:00
2025-09-13 02:16:41;2025-09-13 09:22:57;80%;25576;20631;1534;87%;false;0;0.0;;;;;10.565832;;
2025-09-14 01:35:40;2025-09-14 09:47:37;92%;29516;28925;590;92%;false;0;0.0;;;;;10.567926;;
2025-09-16 01:30:30;2025-09-16 09:59:28;91%;30537;29926;610;87%;false;0;0.0;;;;;17.45228;25-09-16 05:50:00;25-09-16 06:10:00
2025-09-20 00:25:44;2025-09-20 07:21:39;57%;24955;22875;499;—;false;0;0.0;;;;;35.01851;25-09-20 03:05:00;25-09-20 03:25:00
2025-09-20 23:49:45;2025-09-21 05:30:18;35%;20433;18525;1907;80%;false;0;0.0;;;;;50.8824;25-09-21 01:15:00;25-09-21 01:35:00
2025-09-21 23:47:46;2025-09-22 07:45:07;92%;28641;25872;1527;80%;false;0;0.0;;;;;10.498924;25-09-22 04:10:00;25-09-22 04:30:00
2025-10-02 03:26:34;2025-10-02 11:44:55;78%;29900;22425;4285;—;false;0;0.0;;;;;27.867367;;
2025-10-03 01:21:32;2025-10-03 10:37:02;88%;33330;32219;1111;73%;false;0;0.0;;;;;24.54473;;
2025-10-03 22:02:14;2025-10-04 02:13:00;42%;15046;14093;300;38%;false;0;0.0;;;;;21.474575;25-10-03 21:15:00;25-10-03 21:35:00
2025-10-08 01:30:51;2025-10-08 10:16:14;100%;31523;30892;630;—;false;0;0.0;;;;;9.259131;25-10-08 05:10:00;25-10-08 05:30:00
2025-10-09 02:13:14;2025-10-09 12:24:09;82%;36654;29690;3421;76%;false;0;0.09821575;;;;;96.56605;25-10-09 05:55:00;25-10-09 06:15:00
2025-10-10 04:00:46;2025-10-10 12:32:46;88%;30720;25702;1024;80%;false;0;0.0;;;;;73.012184;;
2025-10-11 04:00:39;2025-10-11 14:08:04;85%;36445;28913;1457;82%;false;0;0.19755796;;;;;75.66555;;
2025-10-12 02:00:00;2025-10-12 11:18:14;92%;33493;28357;2009;77%;false;0;0.0;;;;;76.298935;25-10-12 06:00:00;25-10-12 06:20:00
2025-10-13 01:56:09;2025-10-13 11:18:13;89%;33723;25067;1686;82%;false;0;0.10675207;;;;;83.80941;25-10-13 06:00:00;25-10-13 06:20:00
2025-10-14 04:06:06;2025-10-14 12:08:28;86%;28941;26240;578;78%;false;0;0.0;;;;;90.461235;25-10-14 06:00:00;25-10-14 06:20:00
2025-10-15 03:11:40;2025-10-15 11:37:13;89%;30332;24266;3134;88%;false;0;0.0;;;;;98.419464;25-10-15 07:00:00;25-10-15 07:20:00
2025-10-16 05:01:04;2025-10-16 12:03:10;77%;25325;20091;2870;81%;false;0;0.0;;;;;54.23274;25-10-16 06:00:00;25-10-16 06:20:00
2025-10-17 02:08:30;2025-10-17 10:15:00;89%;29190;25395;2043;77%;false;0;0.0;;;;;75.787834;25-10-17 05:00:00;25-10-17 05:20:00
2025-10-18 01:48:22;2025-10-18 11:10:14;98%;33711;28317;674;77%;false;0;0.0;;;;;74.05967;25-10-18 05:50:00;25-10-18 06:10:00
2025-10-19 01:27:44;2025-10-19 10:51:17;98%;33812;26035;4057;82%;false;0;0.0;;;;;86.40983;25-10-19 05:50:00;25-10-19 06:10:00
2025-10-20 01:38:26;2025-10-20 10:48:00;98%;32973;28467;1758;94%;false;0;0.0;;;;;73.46999;25-10-20 05:50:00;25-10-20 06:10:00
2025-10-21 01:08:01;2025-10-21 10:33:00;97%;33899;25876;1807;95%;false;0;0.10619783;;;;;91.75669;25-10-21 05:50:00;25-10-21 06:10:00
2025-10-22 01:03:06;2025-10-22 11:16:00;96%;36773;29786;4045;95%;false;0;0.0;;;;;98.41071;25-10-22 04:50:00;25-10-22 05:10:00
2025-10-23 01:24:54;2025-10-23 11:07:43;94%;34969;32055;699;94%;false;0;0.20589666;;;;;156.33698;25-10-23 05:50:00;25-10-23 06:10:00
2025-10-24 04:03:57;2025-10-24 11:02:42;75%;25124;21523;502;89%;false;0;0.0;;;;;87.37665;25-10-24 06:10:00;25-10-24 06:30:00
2025-10-25 03:39:46;2025-10-25 10:39:36;75%;25190;18976;503;89%;false;0;0.0;;;;;88.10491;;
2025-10-26 01:23:16;2025-10-26 08:53:53;92%;30636;24100;3574;82%;false;0;0.0;;;;;73.49336;;
2025-10-27 01:38:13;2025-10-27 09:55:39;89%;29846;27458;596;83%;false;0;0.0;;;;;82.22074;;
2025-10-28 01:40:57;2025-10-28 09:40:25;86%;28768;25316;575;84%;false;0;0.0;;;;;75.31606;;
2025-10-29 02:11:36;2025-10-29 08:22:19;66%;22243;14902;3633;88%;false;0;0.0;;;;;69.630325;25-10-29 05:50:00;25-10-29 06:10:00
2025-10-30 00:43:43;2025-10-30 08:50:11;88%;29188;23448;778;89%;false;0;0.0;;;;;56.331657;25-10-30 05:50:00;25-10-30 06:10:00
2025-10-31 01:32:50;2025-10-31 08:03:26;69%;23436;17889;2421;85%;false;0;0.0;;;;;101.76399;25-10-31 05:50:00;25-10-31 06:10:00
2025-11-01 02:19:25;2025-11-01 10:54:50;92%;30924;27522;618;80%;false;0;0.116414435;;;;;82.60691;;
2025-11-02 03:13:20;2025-11-02 10:47:38;82%;27258;19807;2271;83%;false;0;0.0;;;;;52.339684;;
2025-11-03 01:33:26;2025-11-03 10:22:17;95%;31731;22423;2009;81%;false;0;0.0;;;;;54.79443;25-11-03 06:15:00;25-11-03 06:35:00
2025-11-04 01:42:49;2025-11-04 10:25:15;92%;31346;27166;4179;91%;false;0;0.0;;;;;90.06315;25-11-04 06:05:00;25-11-04 06:25:00
2025-11-05 01:44:45;2025-11-05 09:35:41;84%;28255;22133;3013;91%;false;0;0.5096443;;;;;64.12807;25-11-05 06:20:00;25-11-05 06:40:00
2025-11-06 01:11:42;2025-11-06 09:46:34;90%;30892;25228;1235;95%;false;0;0.0;;;;;92.680756;25-11-06 05:30:00;25-11-06 05:50:00
2025-11-07 02:35:05;2025-11-07 09:31:52;75%;25007;20839;1333;91%;false;0;0.0;;;;;59.630383;;
2025-11-08 00:30:33;2025-11-08 09:08:57;93%;31103;25297;2073;87%;false;0;0.0;;;;;48.893593;25-11-08 04:55:00;25-11-08 05:15:00
2025-11-09 03:12:20;2025-11-09 10:07:22;72%;24902;21498;498;78%;false;0;0.0;;;;;98.28974;;
2025-11-10 01:50:22;2025-11-10 10:08:48;89%;29905;21930;1395;79%;false;0;0.1203812;;;;;61.93109;;
2025-11-11 02:27:51;2025-11-11 10:03:36;81%;27345;20964;3007;84%;false;0;0.0;;;;;61.46627;25-11-11 05:55:00;25-11-11 06:15:00
2025-11-12 01:51:32;2025-11-12 09:13:53;79%;26540;21232;973;90%;false;0;0.0;;;;;54.915707;25-11-12 05:55:00;25-11-12 06:15:00
2025-11-13 03:38:20;2025-11-13 11:16:34;82%;27494;21261;1649;83%;false;0;0.0;;;;;58.14536;;
2025-11-14 01:29:21;2025-11-14 09:24:20;84%;28498;21943;1709;74%;false;0;0.12632465;;;;;73.17145;25-11-14 05:20:00;25-11-14 05:40:00
2025-11-15 02:40:02;2025-11-15 10:06:28;76%;26786;23304;535;73%;false;0;0.0;;;;;116.824974;25-11-15 07:15:00;25-11-15 07:35:00
2025-11-16 01:56:43;2025-11-16 09:51:45;82%;28502;23276;2755;81%;false;0;0.12630694;;;;;99.65708;25-11-16 06:40:00;25-11-16 07:00:00
2025-11-17 01:13:32;2025-11-17 09:33:25;86%;29992;26593;599;89%;false;0;0.0;;;;;110.42004;25-11-17 05:40:00;25-11-17 06:00:00
2025-11-18 01:01:45;2025-11-18 10:03:04;91%;32478;26740;649;93%;false;0;0.0;;;;;127.125946;25-11-18 05:40:00;25-11-18 06:00:00
2025-11-19 01:28:41;2025-11-19 10:19:47;94%;31866;24855;2655;93%;false;0;0.11297308;;;;;68.090324;25-11-19 06:10:00;25-11-19 06:30:00
2025-11-20 01:27:33;2025-11-20 10:04:29;90%;31015;22124;2998;95%;false;0;0.0;;;;;81.15275;25-11-20 05:50:00;25-11-20 06:10:00
2025-11-21 01:18:21;2025-11-21 10:00:23;91%;31321;24431;626;97%;false;0;0.0;;;;;88.419304;25-11-21 06:00:00;25-11-21 06:20:00
2025-11-22 02:12:56;2025-11-22 11:03:28;89%;31831;27693;1485;93%;false;0;0.45238918;;;;;129.71606;;
2025-11-23 03:17:22;2025-11-23 10:30:53;76%;26011;21676;2601;89%;false;0;0.13840298;;;;;80.65605;;
2025-11-24 03:26:07;2025-11-24 11:43:17;87%;29829;24857;1193;86%;false;0;0.0;;;;;85.68499;;
2025-11-25 03:04:20;2025-11-25 10:18:40;76%;26059;19457;1302;87%;false;0;0.0;;;;;78.51928;;
2025-11-26 01:54:12;2025-11-26 09:59:02;86%;29090;24338;969;87%;false;0;0.24750772;;;;;68.40273;25-11-26 05:55:00;25-11-26 06:15:00
2025-11-27 02:01:01;2025-11-27 10:11:27;87%;29426;23050;588;90%;false;0;0.0;;;;;67.55936;25-11-27 05:55:00;25-11-27 06:15:00
2025-11-28 00:52:00;2025-11-28 09:38:03;93%;31562;28090;631;90%;false;0;0.0;;;;;67.27166;25-11-28 05:20:00;25-11-28 05:40:00
2025-11-29 03:41:36;2025-11-29 11:17:01;79%;27324;19764;910;82%;false;0;0.0;;;;;92.99416;;
2025-11-30 04:36:38;2025-11-30 12:03:05;77%;26786;20982;2321;78%;false;0;0.0;;;;;90.67977;;
2025-12-01 03:38:38;2025-12-01 11:47:38;87%;29340;22983;586;79%;false;0;0.0;;;;;61.34607;;
2025-12-02 03:41:45;2025-12-02 11:37:29;85%;28544;22454;570;91%;false;0;0.12612107;;;;;51.5636;;
2025-12-03 02:51:03;2025-12-03 12:32:24;90%;34880;32322;697;91%;false;0;0.0;;;;;133.95787;;
2025-12-04 03:16:29;2025-12-04 10:03:30;73%;24421;19292;488;86%;false;0;0.0;;;;;54.116806;25-12-04 05:45:00;25-12-04 06:05:00
2025-12-05 01:55:02;2025-12-05 11:37:59;95%;34977;28797;2331;79%;true;9;0.0;;;;;73.63871;25-12-05 05:10:00;25-12-05 05:30:00
2025-12-06 02:48:42;2025-12-06 10:45:15;84%;28592;24017;1715;79%;false;0;0.0;;;;;70.28549;;
2025-12-07 03:15:10;2025-12-07 11:45:56;90%;30645;22677;817;83%;false;0;0.2349486;;;;;72.18096;;
2025-12-08 01:43:26;2025-12-08 10:41:24;93%;32278;29373;645;84%;false;0;0.22306214;;;;;91.671814;25-12-08 06:25:00;25-12-08 06:45:00
2025-12-09 01:44:06;2025-12-09 10:35:29;93%;31882;28162;637;88%;false;0;0.0;;;;;76.76626;25-12-09 06:25:00;25-12-09 06:45:00
2025-12-10 01:27:49;2025-12-10 11:50:38;89%;37368;31265;1992;88%;false;0;0.0;;;;;148.35486;25-12-10 05:55:00;25-12-10 06:15:00
2025-12-11 01:46:50;2025-12-11 10:04:09;83%;29838;25760;1690;90%;false;0;0.72390914;;;;;123.65062;25-12-11 05:55:00;25-12-11 06:15:00
2025-12-12 01:05:40;2025-12-12 09:18:04;88%;29543;25604;590;86%;false;0;0.0;;;;;60.169147;25-12-12 05:15:00;25-12-12 05:35:00
2025-12-13 03:25:07;2025-12-13 10:29:22;73%;25454;20618;2375;80%;false;0;0.0;;;;;93.10546;;
2025-12-14 02:49:08;2025-12-14 10:51:23;86%;28935;24209;1350;84%;false;0;0.0;;;;;59.62822;;
2025-12-15 04:01:08;2025-12-15 10:27:15;69%;23166;18301;1081;83%;false;0;0.0;;;;;59.514954;25-12-15 08:00:00;25-12-15 08:20:00
2025-12-16 00:23:54;2025-12-16 08:11:44;81%;28069;24046;561;77%;false;0;0.0;;;;;82.54723;25-12-16 04:00:00;25-12-16 04:20:00
2025-12-16 23:40:38;2025-12-17 07:25:05;81%;27866;23407;557;75%;false;0;0.12918968;;;;;78.009636;25-12-17 03:20:00;25-12-17 03:40:00
2025-12-18 02:56:54;2025-12-18 09:28:17;68%;23482;20038;1408;65%;false;0;0.0;;;;;81.31924;25-12-18 05:10:00;25-12-18 05:30:00
2025-12-19 02:30:24;2025-12-19 09:28:07;73%;25063;18797;1086;80%;false;0;0.0;;;;;78.07424;;
2025-12-20 02:54:49;2025-12-20 10:37:27;79%;27757;22946;1110;80%;false;0;0.38909104;;;;;106.17463;25-12-20 06:20:00;25-12-20 06:40:00
2025-12-21 02:38:50;2025-12-21 09:54:38;78%;26147;22660;522;92%;false;0;0.0;;;;;59.50991;;
2025-12-22 01:24:30;2025-12-22 10:16:01;92%;31890;22323;744;89%;false;0;0.0;;;;;87.45232;;
2025-12-23 03:33:03;2025-12-23 11:40:30;85%;29247;25932;584;83%;false;0;0.7385373;;;;;83.062645;;
2025-12-24 03:55:08;2025-12-24 11:06:49;77%;25900;20116;518;83%;false;0;1.1119691;;;;;59.29502;;
2025-12-25 04:30:52;2025-12-25 12:14:17;79%;27804;21502;1390;83%;false;0;0.5179111;;;;;98.270515;;
2025-12-26 02:43:32;2025-12-26 10:54:44;84%;29472;24952;785;84%;false;0;0.0;;;;;94.45364;25-12-26 06:20:00;25-12-26 06:40:00
2025-12-27 03:53:47;2025-12-27 11:53:03;84%;28756;23196;670;81%;false;0;0.25038254;;;;;72.17487;;
2025-12-28 03:00:03;2025-12-28 11:49:02;92%;31739;28036;634;83%;false;0;0.90740097;;;;;86.11815;;
2025-12-29 02:43:06;2025-12-29 03:53:18;13%;4212;673;2597;69%;false;0;0.0;;;;;1.0;25-12-29 06:45:00;25-12-29 07:05:00
2025-12-29 03:53:39;2025-12-29 10:57:06;73%;25406;22188;508;86%;false;0;0.42509642;;;;;83.00095;25-12-29 06:45:00;25-12-29 07:05:00
2025-12-31 02:55:11;2025-12-31 11:45:29;89%;31818;28105;636;85%;false;0;0.226287;;;;;118.43008;25-12-31 07:45:00;25-12-31 08:05:00
2026-01-02 00:23:50;2026-01-02 08:28:26;84%;29075;22872;1453;52%;false;0;0.0;;;;;77.43996;26-01-02 05:50:00;26-01-02 06:10:00
2026-01-03 02:34:41;2026-01-03 10:53:23;89%;29922;25234;598;57%;false;0;0.0;;;;;73.118;26-01-03 07:15:00;26-01-03 07:35:00
2026-01-04 02:34:37;2026-01-04 10:37:00;83%;28943;24697;578;80%;false;0;0.12438241;;;;;79.6694;26-01-04 07:15:00;26-01-04 07:35:00
2026-01-05 01:38:43;2026-01-05 08:33:40;82%;24897;18423;1493;78%;false;0;0.0;;;;;50.71611;26-01-05 04:20:00;26-01-05 04:40:00
2026-01-06 02:27:24;2026-01-06 08:47:19;65%;22794;18007;455;88%;false;0;0.0;;;;;81.64816;26-01-06 04:45:00;26-01-06 05:05:00
2026-01-07 02:20:25;2026-01-07 10:32:29;89%;29523;25980;590;84%;false;0;0.0;;;;;70.64681;;
2026-01-08 01:51:31;2026-01-08 10:06:35;87%;29704;23169;594;89%;false;0;0.0;;;;;76.84768;26-01-08 05:55:00;26-01-08 06:15:00
2026-01-09 00:56:26;2026-01-09 08:18:49;79%;26543;21057;530;85%;false;0;0.0;;;;;72.48453;26-01-09 04:15:00;26-01-09 04:35:00
2026-01-10 01:07:24;2026-01-10 08:29:43;49%;26539;23177;2034;89%;false;0;0.13564943;;;;;147.57515;26-01-10 04:55:00;26-01-10 05:15:00
2026-01-11 01:26:44;2026-01-11 08:52:46;76%;26761;21319;535;89%;false;0;0.0;;;;;83.879875;;
2026-01-12 01:02:06;2026-01-12 10:11:34;91%;32967;25824;659;92%;false;0;0.0;;;;;84.2351;;
2026-01-13 00:33:56;2026-01-13 08:35:32;84%;28895;25717;577;87%;false;0;0.0;;;;;76.71244;26-01-13 04:20:00;26-01-13 04:40:00
2026-01-14 01:10:20;2026-01-14 09:19:11;36%;29330;25126;586;86%;false;0;0.0;;;;;192.36325;26-01-14 04:55:00;26-01-14 05:15:00
2026-01-15 01:38:48;2026-01-15 09:35:47;81%;28619;22132;572;88%;false;0;0.0;;;;;84.847305;26-01-15 05:50:00;26-01-15 06:10:00
2026-01-16 01:19:45;2026-01-16 08:42:38;82%;26572;21435;974;91%;false;0;0.0;;;;;66.271194;26-01-16 04:25:00;26-01-16 04:45:00
2026-01-17 03:11:31;2026-01-17 11:08:01;86%;28589;23634;1238;83%;false;0;0.0;;;;;70.22814;;
2026-01-18 03:09:59;2026-01-18 11:10:04;90%;28805;24004;1344;85%;false;0;0.12497831;;;;;63.122948;;
2026-01-19 02:32:00;2026-01-19 10:35:34;92%;29013;25532;580;85%;false;0;0.0;;;;;57.204956;26-01-19 07:25:00;26-01-19 07:45:00
2026-01-20 00:58:23;2026-01-20 09:50:25;85%;31922;28304;638;90%;false;0;0.0;;;;;97.10553;26-01-20 05:15:00;26-01-20 05:35:00
2026-01-21 02:55:02;2026-01-21 10:52:53;86%;28671;23606;955;82%;false;0;0.0;;;;;71.2443;;
2026-01-22 03:03:43;2026-01-22 10:40:32;90%;27408;22840;2284;84%;false;0;0.0;;;;;50.92801;;
2026-01-23 01:05:26;2026-01-23 08:37:21;77%;27114;22414;1807;80%;false;0;0.0;;;;;82.34903;26-01-23 04:20:00;26-01-23 04:40:00
2026-01-24 04:41:51;2026-01-24 11:47:52;74%;25561;20705;2300;69%;false;0;0.0;;;;;78.87265;26-01-24 09:25:00;26-01-24 09:45:00
2026-01-25 04:04:04;2026-01-25 11:52:24;85%;28100;22761;749;68%;false;0;0.0;;;;;70.2441;;
2026-01-26 01:47:32;2026-01-26 08:45:20;83%;25068;21057;1921;64%;false;0;0.0;;;;;47.374763;26-01-26 04:25:00;26-01-26 04:45:00
2026-01-27 01:26:13;2026-01-27 10:54:59;90%;34126;30258;2275;76%;false;0;0.0;;;;;85.96028;;
2026-01-28 01:01:26;2026-01-28 10:05:17;98%;32630;27083;652;75%;false;0;0.0;;;;;68.67946;26-01-28 05:45:00;26-01-28 06:05:00
2026-01-29 01:10:25;2026-01-29 09:25:02;89%;29676;24532;1187;87%;false;0;0.0;;;;;69.832115;;
2026-01-30 01:07:37;2026-01-30 09:22:57;88%;29719;23478;1684;94%;false;0;0.0;;;;;72.71683;26-01-30 05:25:00;26-01-30 05:45:00
2026-01-31 01:32:57;2026-01-31 09:10:29;86%;27451;24157;549;96%;false;0;0.0;;;;;60.04356;26-01-31 06:10:00;26-01-31 06:30:00
2026-02-01 01:53:27;2026-02-01 09:33:38;69%;27610;23468;552;96%;false;0;0.0;;;;;107.25454;;
2026-02-02 00:45:58;2026-02-02 09:01:57;95%;29758;23013;1587;92%;false;0;0.12097587;;;;;56.187485;26-02-02 05:25:00;26-02-02 05:45:00
2026-02-03 01:02:07;2026-02-03 08:35:27;84%;27199;21396;1178;91%;false;0;0.0;;;;;62.71244;26-02-03 04:30:00;26-02-03 04:50:00
2026-02-04 01:36:39;2026-02-04 08:33:48;76%;25029;21942;834;92%;false;0;0.14383316;;;;;66.93614;26-02-04 06:10:00;26-02-04 06:30:00
2026-02-05 00:15:55;2026-02-05 08:49:28;96%;30812;28244;616;92%;false;0;0.1168376;;;;;60.73894;26-02-05 04:55:00;26-02-05 05:15:00
2026-02-05 23:59:14;2026-02-06 08:16:38;94%;29844;23775;994;92%;false;0;0.0;;;;;59.470634;26-02-06 04:40:00;26-02-06 05:00:00
2026-02-06 23:48:01;2026-02-07 08:27:43;88%;31182;24529;2702;92%;false;0;0.0;;;;;81.5857;26-02-07 04:15:00;26-02-07 04:35:00
2026-02-07 23:39:47;2026-02-08 08:05:32;89%;30345;23466;1314;95%;false;0;0.0;;;;;74.27235;26-02-08 04:00:00;26-02-08 04:20:00
2026-02-08 23:17:00;2026-02-09 07:31:31;92%;29671;24923;890;95%;false;0;0.0;;;;;62.395172;26-02-09 03:50:00;26-02-09 04:10:00
2026-02-10 00:40:10;2026-02-10 08:42:54;78%;28964;23461;579;89%;false;0;0.0;;;;;91.56518;26-02-10 05:10:00;26-02-10 05:30:00
2026-02-11 01:11:57;2026-02-11 09:00:28;85%;28111;24269;562;88%;false;0;0.0;;;;;67.98693;26-02-11 06:10:00;26-02-11 06:30:00
2026-02-12 01:01:07;2026-02-12 08:18:50;85%;26262;18120;525;88%;false;0;0.0;;;;;53.83816;26-02-12 06:10:00;26-02-12 06:30:00
2026-02-12 23:51:03;2026-02-13 08:41:43;90%;31839;28868;636;91%;false;0;0.33920664;;;;;80.957756;26-02-13 05:10:00;26-02-13 05:30:00
2026-02-14 02:07:24;2026-02-14 08:49:51;63%;24147;19720;482;87%;false;0;0.0;;;;;96.06107;;
2026-02-15 01:20:53;2026-02-15 09:26:43;90%;29150;25652;874;85%;false;0;0.0;;;;;62.902588;;
2026-02-16 01:17:02;2026-02-16 08:13:04;74%;24962;19386;499;86%;false;0;0.0;;;;;71.96034;;
2026-02-17 01:15:06;2026-02-17 09:22:38;87%;29252;21939;585;89%;false;0;0.0;;;;;71.78399;;
2026-02-18 01:21:47;2026-02-18 08:29:34;89%;25666;21987;513;90%;false;0;0.0;;;;;35.79778;;
2026-02-20 00:44:09;2026-02-20 07:49:42;81%;25533;18128;851;90%;false;0;0.0;;;;;56.07455;26-02-20 05:10:00;26-02-20 05:30:00
2026-02-21 00:42:39;2026-02-21 07:45:54;88%;25395;19639;507;94%;false;0;0.0;;;;;35.187447;26-02-21 05:10:00;26-02-21 05:30:00
2026-02-21 23:01:42;2026-02-22 08:20:17;100%;33515;29046;670;90%;false;0;0.0;;;;;60.914654;26-02-22 05:10:00;26-02-22 05:30:00
2026-02-22 23:13:53;2026-02-23 07:24:46;93%;29453;21598;589;90%;false;0;0.12222864;;;;;56.141876;26-02-23 04:00:00;26-02-23 04:20:00
2026-02-24 01:06:35;2026-02-24 08:38:49;81%;27133;24329;542;82%;false;0;0.0;;;;;68.764694;;
2026-02-25 00:23:00;2026-02-25 08:36:32;93%;29612;24775;592;86%;false;0;0.0;;;;;57.980328;26-02-25 05:10:00;26-02-25 05:30:00
2026-02-26 00:23:06;2026-02-26 08:05:29;83%;27743;21916;554;88%;false;0;0.0;;;;;67.73485;26-02-26 04:20:00;26-02-26 04:40:00
2026-02-27 01:40:16;2026-02-27 07:29:21;69%;20944;17104;907;91%;false;0;0.0;;;;;45.8923;;
2026-02-28 01:19:20;2026-02-28 09:20:31;85%;28870;22999;577;87%;false;0;0.0;;;;;71.37785;;
2026-03-01 01:22:06;2026-03-01 08:39:32;62%;26245;20646;524;87%;false;0;0.0;;;;;113.50734;;
2026-03-01 23:02:14;2026-03-02 08:13:23;99%;33069;28439;1543;84%;false;0;0.0;;;;;64.16632;26-03-02 04:15:00;26-03-02 04:35:00
2026-03-03 01:01:54;2026-03-03 08:07:44;72%;25549;22143;510;84%;false;0;0.0;;;;;79.29352;26-03-03 05:10:00;26-03-03 05:30:00
2026-03-03 23:35:23;2026-03-04 07:51:30;89%;29767;26492;595;82%;false;0;0.0;;;;;68.89567;26-03-04 04:10:00;26-03-04 04:30:00
2026-03-05 01:30:12;2026-03-05 07:51:40;64%;22888;17318;1678;84%;false;0;0.471863;;;;;82.748375;;
2026-03-06 01:09:09;2026-03-06 08:56:08;89%;28018;22601;560;86%;false;0;0.0;;;;;55.007668;;
2026-03-08 23:29:09;2026-03-09 07:12:05;51%;27776;22035;1944;—;false;0;0.0;;;;;149.05861;26-03-09 08:30:00;26-03-09 08:50:00
2026-03-14 02:38:48;2026-03-14 08:04:28;23%;19540;16609;390;—;false;0;0.0;;;;;307.8068;26-03-14 08:10:00;26-03-14 08:30:00
2026-03-17 03:12:27;2026-03-17 09:29:03;72%;22596;18303;1431;84%;false;0;0.0;;;;;51.148533;26-03-17 09:20:00;26-03-17 09:40:00
2026-03-18 21:50:39;2026-03-19 10:46:09;92%;46530;39395;930;0%;true;232;0.0;;;;;81.00319;;
2026-03-19 22:27:48;2026-03-20 07:40:03;85%;33135;28165;662;34%;false;0;0.0;;;;;101.83332;;
2026-03-20 22:45:19;2026-03-21 07:32:11;91%;31612;25184;1580;83%;false;0;0.0;;;;;76.80716;26-03-21 03:50:00;26-03-21 04:10:00
2026-03-21 22:52:29;2026-03-22 08:09:14;88%;33404;29173;779;86%;false;0;0.0;;;;;92.17898;26-03-22 04:10:00;26-03-22 04:30:00
2026-03-22 23:06:14;2026-03-23 07:19:30;83%;29595;24268;1282;94%;false;0;0.0;;;;;85.55201;26-03-23 03:45:00;26-03-23 04:05:00
2026-03-24 23:36:42;2026-03-25 07:55:32;92%;29929;27036;598;91%;false;0;0.0;;;;;58.399536;26-03-25 03:35:00;26-03-25 03:55:00
2026-03-26 00:59:41;2026-03-26 07:13:34;64%;22433;17348;448;87%;false;0;0.0;;;;;79.81451;;
2026-03-27 00:59:02;2026-03-27 08:27:20;80%;26898;22594;1165;86%;false;0;0.0;;;;;70.301;26-03-27 05:35:00;26-03-27 05:55:00
2026-03-29 00:50:21;2026-03-29 09:32:03;85%;27701;23084;554;94%;false;0;0.0;;;;;59.880436;26-03-29 04:30:00;26-03-29 04:50:00
2026-03-29 20:25:13;2026-03-30 07:26:57;92%;39704;32160;794;68%;false;0;0.0;;;;;80.975876;26-03-30 04:10:00;26-03-30 04:30:00
2026-03-31 00:47:18;2026-03-31 07:58:45;78%;25886;20277;2157;48%;true;636;0.13907132;;;;;65.42302;26-03-31 04:10:00;26-03-31 04:30:00
2026-04-01 00:09:25;2026-04-01 07:45:43;81%;27377;22449;1003;63%;true;71;0.0;;;;;69.90601;26-04-01 02:30:00;26-04-01 02:50:00
2026-04-02 01:45:52;2026-04-02 07:02:13;47%;18980;15121;379;78%;true;2369;0.0;;;;;115.25418;;
2026-04-03 02:02:24;2026-04-03 09:06:38;61%;25453;21295;509;85%;false;0;0.0;;;;;122.78468;;
2026-04-03 20:13:36;2026-04-04 00:40:40;36%;16023;11857;320;47%;false;0;0.0;;;;;132.95142;26-04-04 05:10:00;26-04-04 05:30:00
2026-04-04 02:32:36;2026-04-04 08:18:05;64%;20728;17204;1589;83%;false;0;0.0;;;;;58.168774;26-04-04 05:10:00;26-04-04 05:30:00
2026-04-05 04:23:44;2026-04-05 10:44:07;66%;22822;19627;1445;78%;false;0;0.31548506;;;;;75.468895;;
2026-04-06 01:23:50;2026-04-06 09:52:55;88%;30544;24435;610;74%;true;2471;0.0;;;;;77.61057;;
2026-04-07 01:01:16;2026-04-07 09:05:45;76%;29069;24514;1162;74%;true;114;0.37152982;;;;;101.33213;;
2026-04-08 00:41:10;2026-04-08 09:25:44;72%;31473;26437;1678;84%;true;1002;0.0;;;;;132.17583;26-04-08 04:10:00;26-04-08 04:30:00
2026-04-09 02:18:04;2026-04-09 09:32:42;72%;26077;22600;2347;90%;true;21;0.41415805;;;;;87.79947;26-04-09 04:20:00;26-04-09 04:40:00
2026-04-10 01:15:46;2026-04-10 08:39:20;58%;26614;22267;1153;88%;true;493;0.13526715;;;;;140.60187;26-04-10 04:10:00;26-04-10 04:30:00
2026-04-11 05:44:53;2026-04-11 12:19:47;67%;23693;20297;1737;67%;false;0;0.15194361;;;;;83.838554;;
2026-04-11 22:20:41;2026-04-12 09:50:31;89%;41390;35319;2345;45%;true;1718;0.0;;;;;91.374535;;
2026-04-12 23:50:57;2026-04-13 07:55:19;75%;29062;26446;1162;40%;false;0;0.2477462;;;;;105.55166;26-04-13 02:35:00;26-04-13 02:55:00
2026-04-14 00:51:40;2026-04-14 09:04:08;84%;29547;25804;2363;57%;false;0;0.0;;;;;82.76885;;
2026-04-15 01:39:35;2026-04-15 10:04:34;86%;30298;27470;605;79%;false;0;0.0;;;;;81.45836;;
2026-04-16 01:43:56;2026-04-16 08:50:59;72%;25623;19388;1366;85%;false;0;0.0;;;;;85.94992;;
2026-04-17 00:17:20;2026-04-17 08:09:53;77%;28352;22304;1512;85%;true;36;0.0;;;;;94.95769;26-04-17 02:45:00;26-04-17 03:05:00
2026-04-18 01:46:58;2026-04-18 09:18:19;77%;27081;23560;541;83%;true;22;0.0;;;;;82.086685;;
2026-04-19 04:03:51;2026-04-19 10:58:41;73%;24889;20160;2322;76%;false;0;0.0;;;;;73.98683;26-04-19 07:10:00;26-04-19 07:30:00
2026-04-20 00:12:29;2026-04-20 09:33:08;99%;33639;27360;672;67%;true;21;0.0;;;;;61.776295;26-04-20 05:25:00;26-04-20 05:45:00
2026-04-21 00:34:36;2026-04-21 08:45:41;89%;29465;25634;1669;71%;false;0;0.0;;;;;67.25293;26-04-21 05:10:00;26-04-21 05:30:00
2026-04-21 23:27:37;2026-04-22 07:45:47;84%;29890;23812;1494;76%;false;0;0.0;;;;;85.58477;26-04-22 02:30:00;26-04-22 02:50:00
2026-04-23 01:56:50;2026-04-23 09:12:27;76%;26136;21431;609;80%;true;409;0.0;;;;;77.11186;;
2026-04-24 01:02:46;2026-04-24 09:25:05;89%;30139;21298;602;80%;false;0;0.0;;;;;70.7772;;
2026-04-25 01:04:08;2026-04-25 08:46:26;86%;27737;23946;554;84%;false;0;0.0;;;;;58.31279;;
2026-04-26 01:14:37;2026-04-26 08:57:51;87%;27793;24180;555;94%;false;0;0.0;;;;;56.43375;;
2026-04-27 00:39:19;2026-04-27 08:50:09;84%;29449;24933;1963;95%;false;0;0.0;;;;;81.09287;;
2026-04-28 02:01:18;2026-04-28 09:13:53;31%;25954;21887;4066;92%;false;0;0.27741387;;;;;110.54135;;
2026-04-29 01:43:06;2026-04-29 09:23:08;77%;27601;22265;1380;92%;false;0;0.0;;;;;87.558136;;
2026-05-01 00:22:30;2026-05-01 09:40:05;100%;33454;27098;892;91%;true;295;0.0;;;;;44.127636;;
2026-05-02 03:58:50;2026-05-02 09:40:27;59%;20496;16260;409;78%;false;0;0.0;;;;;77.016495;;
2026-05-03 00:49:35;2026-05-03 09:20:12;92%;30637;26143;1123;70%;true;13;0.0;;;;;67.42128;;
2026-05-04 00:04:20;2026-05-04 07:54:24;89%;28204;24067;940;74%;false;0;0.12764147;;;;;54.23155;26-05-04 02:35:00;26-05-04 02:55:00
2026-05-05 01:43:35;2026-05-05 08:25:11;76%;24095;18633;562;78%;false;0;0.0;;;;;54.25525;;
2026-05-06 00:40:29;2026-05-06 08:49:18;93%;29328;24440;2248;84%;false;0;0.0;;;;;50.213478;;
2026-05-07 02:02:10;2026-05-07 08:23:45;67%;22894;18010;1526;85%;false;0;0.0;;;;;74.42323;;
2026-05-08 00:47:32;2026-05-08 08:29:26;83%;27714;21432;1847;87%;false;0;0.0;;;;;68.172104;;
2026-05-09 00:33:36;2026-05-09 09:00:22;86%;30405;26250;1621;89%;true;22;0.0;;;;;81.43917;;
2026-05-10 00:46:21;2026-05-10 08:00:43;77%;26062;20502;2953;91%;true;970;0.0;;;;;71.75241;;
2026-05-10 23:58:21;2026-05-11 07:47:46;89%;28164;23470;1595;92%;false;0;0.12782276;;;;;52.43885;26-05-11 02:30:00;26-05-11 02:50:00
2026-05-12 00:35:32;2026-05-12 07:53:46;77%;26294;21210;2191;92%;false;0;0.0;;;;;73.32461;;
2026-05-13 00:06:27;2026-05-13 08:22:44;89%;29776;24516;1290;92%;false;0;0.0;;;;;66.71669;;
2026-05-14 00:47:52;2026-05-14 07:39:40;74%;24707;20506;1811;91%;false;0;0.0;;;;;67.94689;;
2026-05-15 00:19:26;2026-05-15 08:35:05;93%;29738;24484;2279;90%;false;0;0.0;;;;;55.041656;;
2026-05-15 23:35:55;2026-05-16 07:26:42;84%;28246;21844;1412;87%;false;0;0.0;;;;;67.74479;;
2026-05-17 00:07:51;2026-05-17 07:28:08;75%;26417;23071;528;89%;false;0;0.0;;;;;79.92663;;
2026-05-18 00:07:01;2026-05-18 07:25:03;52%;26281;23039;1401;93%;false;0;0.0;;;;;94.54292;26-05-18 03:10:00;26-05-18 03:30:00
2026-05-19 00:58:21;2026-05-19 07:32:40;48%;23659;20662;473;96%;false;0;0.0;;;;;150.83641;;
2026-05-19 20:45:29;2026-05-20 02:30:31;65%;20702;17872;690;71%;false;0;0.0;;;;;54.982735;26-05-19 21:05:00;26-05-19 21:25:00
2026-05-21 23:38:17;2026-05-22 07:25:55;33%;28057;23194;561;37%;false;0;1.0264819;;;;;298.3763;26-05-22 01:35:00;26-05-22 01:55:00
2026-05-23 01:27:43;2026-05-23 07:08:17;60%;20434;17233;408;67%;false;0;0.0;;;;;73.54386;26-05-23 01:30:00;26-05-23 01:50:00
2026-05-31 23:33:38;2026-06-01 07:55:14;87%;30096;23274;2508;—;false;0;0.0;;;;;77.88156;26-06-01 02:35:00;26-06-01 02:55:00
2026-06-02 02:51:54;2026-06-02 11:06:58;76%;29703;24554;1584;46%;false;0;0.0;;;;;107.8434;26-06-02 06:05:00;26-06-02 06:25:00
2026-06-03 00:30:17;2026-06-03 09:32:26;94%;32529;25481;650;57%;false;0;0.0;;;;;76.794395;;
2026-06-04 00:58:50;2026-06-04 09:08:12;70%;29361;24468;685;69%;true;9;0.0;;;;;124.95215;;
2026-06-06 01:02:10;2026-06-06 08:53:06;78%;28255;22981;565;95%;false;0;0.0;;;;;87.74618;;
2026-06-07 01:15:17;2026-06-07 08:27:38;70%;25940;20579;1124;96%;false;0;0.0;;;;;95.82826;;
2026-06-08 00:04:57;2026-06-08 07:51:20;83%;27983;21360;3917;90%;false;0;0.12864953;;;;;67.07868;26-06-08 02:40:00;26-06-08 03:00:00
2026-06-09 01:08:14;2026-06-09 09:55:54;85%;31659;24272;633;85%;false;0;0.0;;;;;96.99783;;
2026-06-10 00:44:23;2026-06-10 08:46:52;84%;28949;21036;578;82%;false;0;0.0;;;;;76.76372;;
2026-06-11 00:33:04;2026-06-11 08:52:52;77%;29988;24490;599;86%;true;9;0.0;;;;;109.00809;;
2026-06-12 01:49:33;2026-06-12 08:57:48;76%;25695;19185;3169;91%;false;0;0.14010508;;;;;71.66886;;
2026-06-13 01:07:41;2026-06-13 08:10:32;76%;25370;20972;507;91%;false;0;0.0;;;;;67.146904;;
2026-06-14 01:08:36;2026-06-14 08:59:50;79%;28273;21959;565;90%;true;670;0.25465992;;;;;85.766014;26-06-14 04:05:00;26-06-14 04:25:00
2026-06-14 23:12:45;2026-06-15 07:44:30;89%;30704;26098;1228;85%;false;0;0.0;;;;;75.37702;26-06-15 02:35:00;26-06-15 02:55:00
2026-06-16 01:57:32;2026-06-16 08:17:43;71%;22811;18781;456;80%;false;0;0.15781859;;;;;54.110653;26-06-16 06:05:00;26-06-16 06:25:00
2026-06-17 00:33:20;2026-06-17 09:40:12;74%;32812;30405;656;74%;false;0;0.0;;;;;81.70159;;
2026-06-18 00:43:23;2026-06-18 08:41:40;82%;28697;22670;573;80%;false;0;0.0;;;;;80.35437;;
2026-06-19 01:08:01;2026-06-19 08:52:41;69%;27879;24813;557;87%;true;8;0.0;;;;;116.483864;26-06-19 06:20:00;26-06-19 06:40:00
2026-06-20 01:02:08;2026-06-20 09:43:52;81%;31304;27861;626;93%;false;0;0.0;;;;;104.84375;;
2026-06-21 01:25:11;2026-06-21 09:23:54;65%;28722;22882;2202;94%;false;0;0.0;;;;;138.0054;26-06-21 04:30:00;26-06-21 04:50:00
2026-06-22 00:11:45;2026-06-22 07:55:35;77%;27830;24212;556;88%;false;0;0.12935682;;;;;89.27725;26-06-22 02:35:00;26-06-22 02:55:00
2026-06-23 01:38:10;2026-06-23 09:04:11;77%;26760;22211;535;83%;true;245;0.0;;;;;78.61397;;
2026-06-24 01:31:28;2026-06-24 09:05:36;73%;27247;24432;544;85%;true;44;0.26424927;;;;;98.78602;;
2026-06-25 00:34:07;2026-06-25 09:06:14;78%;30727;27039;614;90%;false;0;0.23432162;;;;;111.45182;;
2026-06-26 01:52:36;2026-06-26 10:42:38;98%;31801;28197;636;89%;false;0;0.0;;;;;59.438877;;
2026-06-27 01:41:47;2026-06-27 09:23:27;83%;27699;21790;1754;85%;false;0;0.0;;;;;67.49229;;
2026-06-27 23:51:01;2026-06-28 08:25:36;76%;30875;28096;617;80%;false;0;0.0;;;;;118.52596;26-06-28 03:05:00;26-06-28 03:25:00
2026-06-29 00:10:23;2026-06-29 08:51:51;86%;31287;23570;1251;86%;false;0;0.115063764;;;;;90.128365;;
2026-06-30 00:42:49;2026-06-30 08:14:01;84%;27072;23011;541;87%;true;8;0.0;;;;;58.292957;;
2026-07-01 00:48:43;2026-07-01 08:31:40;83%;27776;22221;1944;94%;false;0;0.0;;;;;66.75913;;
2026-07-02 00:55:50;2026-07-02 08:26:05;80%;27015;20261;540;95%;false;0;0.0;;;;;71.93592;;
2026-07-03 00:24:00;2026-07-03 07:04:41;72%;24041;19633;721;93%;false;0;0.0;;;;;64.72979;26-07-03 02:35:00;26-07-03 02:55:00
2026-07-08 01:22:57;2026-07-08 09:45:33;76%;30156;27341;603;—;false;0;0.0;;;;;113.4715;;
2026-07-09 00:49:11;2026-07-09 09:27:03;95%;31071;26721;621;93%;false;0;0.115863666;;;;;61.747616;;
2026-07-10 01:02:28;2026-07-10 08:28:57;81%;26789;20895;1875;91%;false;0;0.0;;;;;63.406544;26-07-10 04:15:00;26-07-10 04:35:00
2026-07-11 01:28:34;2026-07-11 09:02:00;82%;27206;22490;1360;92%;false;0;0.0;;;;;65.248886;;
2026-07-12 00:49:12;2026-07-12 08:23:02;81%;27229;21965;544;90%;false;0;0.26442397;;;;;67.50901;;
2026-07-12 23:18:48;2026-07-13 07:35:26;82%;29797;27711;595;87%;false;0;0.0;;;;;90.671974;26-07-13 02:15:00;26-07-13 02:35:00
2026-07-14 01:45:20;2026-07-14 02:02:20;3%;1019;0;1019;68%;false;0;0.0;;;;;1.0;26-07-14 02:55:00;26-07-14 03:15:00
2026-07-14 02:02:27;2026-07-14 08:04:16;61%;21709;16282;4124;81%;true;9;0.0;;;;;85.3658;26-07-14 03:10:00;26-07-14 03:30:00
2026-07-15 00:19:57;2026-07-15 08:26:15;89%;29177;25676;680;83%;false;0;0.0;;;;;66.60372;;
2026-07-16 00:13:52;2026-07-16 08:38:06;89%;30253;24707;2117;91%;true;160;0.0;;;;;76.52655;26-07-16 03:40:00;26-07-16 04:00:00
2026-07-16 23:08:06;2026-07-17 08:10:03;89%;32517;28506;650;92%;true;838;0.0;;;;;94.80251;26-07-17 02:55:00;26-07-17 03:15:00
2026-07-18 00:52:30;2026-07-18 08:25:11;76%;27160;24263;543;89%;false;0;0.2650957;;;;;88.78849;;
2026-07-19 00:19:18;2026-07-19 08:14:27;75%;28509;23662;570;88%;false;0;0.63137954;;;;;103.94605;;
2026-07-20 01:33:13;2026-07-20 08:30:12;77%;25019;19347;1334;88%;false;0;0.7194532;;;;;64.10633;;
2026-07-21 00:58:00;2026-07-21 08:41:00;84%;27779;22501;1111;92%;false;0;0.3887829;;;;;67.160385;26-07-21 03:30:00;26-07-21 03:50:00
2026-07-22 00:06:00;2026-07-22 08:39:34;95%;30814;23829;1232;91%;false;0;0.11683001;;;;;63.68903;26-07-22 03:40:00;26-07-22 04:00:00
2026-07-23 00:28:43;2026-07-23 08:52:35;91%;30232;24689;2217;94%;false;0;0.23815826;;;;;68.70611;;
2026-07-24 00:55:56;2026-07-24 08:33:01;82%;27424;20750;1371;94%;false;0;0.26254377;;;;;72.1855;;
2026-07-25 00:35:52;2026-07-25 08:18:22;81%;27749;22662;1942;95%;false;0;0.0;;;;;76.09675;;
2026-07-26 00:45:30;2026-07-26 08:25:49;79%;27619;23199;552;95%;false;0;0.13034505;;;;;81.79222;;
2026-07-26 23:59:46;2026-07-27 07:39:43;84%;27597;21709;919;93%;false;0;0.0;;;;;66.163895;26-07-27 02:55:00;26-07-27 03:15:00
2026-07-28 19:07:15;2026-07-29 04:02:46;89%;32131;28703;642;87%;true;56;0.0;;;;;91.63381;;
2026-07-29 19:35:21;2026-07-30 04:10:03;82%;30881;27587;617;91%;false;0;0.23315307;;;;;102.424286;26-07-30 07:10:00;26-07-30 07:30:00
2026-07-31 02:41:49;2026-07-31 08:43:57;33%;21728;17382;434;49%;false;0;0.49705452;;;;;205.24661;26-07-31 09:50:00;26-07-31 10:10:00
2026-08-01 21:51:04;2026-08-02 06:32:07;88%;31262;25114;625;41%;false;0;0.0;;;;;89.63933;;
2026-08-02 21:41:49;2026-08-03 06:44:25;92%;32555;27020;1953;97%;false;0;0.0;;;;;87.69506;26-08-03 08:10:00;26-08-03 08:30:00
2026-08-03 22:06:26;2026-08-04 06:56:46;92%;31819;28955;636;96%;false;0;0.0;;;;;80.70971;;
2026-08-04 22:03:50;2026-08-05 07:25:47;90%;33716;26636;674;96%;false;0;0.0;;;;;91.88631;;
2026-08-05 22:25:25;2026-08-06 07:06:31;91%;31266;26263;833;95%;false;0;0.0;;;;;79.54448;26-08-06 07:35:00;26-08-06 07:55:00
2026-08-07 22:21:39;2026-08-08 08:06:17;97%;35077;29348;2221;93%;false;0;0.4105254;;;;;71.85963;;
2026-08-08 22:33:06;2026-08-09 07:30:21;83%;32235;29763;644;92%;true;1398;0.2233597;;;;;112.193504;;
2026-08-09 22:39:48;2026-08-10 07:14:47;90%;30898;27190;617;95%;true;255;0.116512395;;;;;80.02638;26-08-10 09:00:00;26-08-10 09:20:00
2026-08-11 22:43:25;2026-08-12 08:00:42;100%;33436;30665;1021;95%;true;28;0.0;;;;;42.467915;;
2026-08-13 00:04:33;2026-08-13 07:43:16;88%;27522;24267;811;92%;true;123;0.13080445;;;;;51.085026;26-08-13 07:40:00;26-08-13 08:00:00
2026-08-16 21:31:58;2026-08-17 05:47:24;95%;29726;26580;450;—;false;0;3.1487586;;;;;51.065853;;
2026-08-17 22:13:02;2026-08-18 07:09:46;96%;32203;25889;2583;83%;false;0;0.11179082;;;;;69.42124;26-08-18 08:10:00;26-08-18 08:30:00
2026-08-18 22:14:29;2026-08-19 07:33:58;100%;33569;26249;5316;90%;false;0;2.5738032;;;;;57.762882;26-08-19 06:50:00;26-08-19 07:10:00
2026-08-19 22:35:03;2026-08-20 05:51:30;89%;26186;22826;570;87%;true;43;1.0998243;;;;;30.175291;26-08-20 06:25:00;26-08-20 06:45:00
2026-08-22 04:42:25;2026-08-22 11:00:46;73%;22700;19792;390;62%;false;0;0.47577095;;;;;46.81731;;
2026-08-22 23:05:31;2026-08-23 08:06:25;100%;32453;26039;1892;18%;false;0;2.884171;;;;;54.206898;;
2026-08-23 20:06:43;2026-08-24 07:57:07;84%;42624;26129;2132;36%;false;0;8.108108;;;;;108.44172;;
2026-08-24 22:07:19;2026-08-25 08:11:24;79%;36244;21564;1201;78%;false;0;9.038737;;;;;123.429985;;
2026-08-26 00:10:43;2026-08-26 08:37:49;89%;30426;21774;2583;78%;false;0;3.9045553;;;;;76.94866;;
2026-08-26 23:19:10;2026-08-27 08:21:55;100%;32564;28352;1081;85%;false;0;0.6633092;;;;;52.546234;26-08-27 08:05:00;26-08-27 08:25:00
2026-08-28 05:07:23;2026-08-28 10:39:08;63%;19904;17660;420;67%;false;0;2.5321543;;;;;53.3368;26-08-28 11:35:00;26-08-28 11:55:00
2026-08-29 22:57:39;2026-08-30 08:02:02;100%;32663;28532;1081;30%;false;0;0.4408658;;;;;52.550465;;
2026-08-30 22:38:36;2026-08-31 08:47:18;100%;36521;31265;630;91%;false;0;0.9857343;;;;;36.793324;26-08-31 08:45:00;26-08-31 09:05:00
2026-08-31 23:57:24;2026-09-01 09:03:17;100%;32752;28502;931;89%;false;0;0.32975087;;;;;58.295326;;
2026-09-01 20:39:06;2026-09-02 08:19:47;100%;42040;34389;660;81%;false;0;0.0;;;;;44.119396;;
2026-09-02 21:26:59;2026-09-03 08:17:44;99%;39044;33037;1381;82%;false;0;0.09220367;;;;;61.278687;26-09-03 08:10:00;26-09-03 08:30:00
2026-09-04 04:38:24;2026-09-04 10:15:59;65%;20254;19131;180;67%;true;286;0.35548535;;;;;42.081352;26-09-04 10:10:00;26-09-04 10:30:00
2026-09-04 23:22:55;2026-09-05 09:13:52;100%;35457;32166;1051;36%;false;0;0.30459428;;;;;43.70213;;
2026-09-06 23:59:44;2026-09-07 09:01:22;100%;32498;28862;1081;93%;false;0;0.110776044;;;;;55.027023;26-09-07 08:50:00;26-09-07 09:10:00
2026-09-08 00:20:18;2026-09-08 09:13:28;99%;31989;26069;1201;94%;false;0;0.11253868;;;;;54.08447;;
2026-09-09 00:32:09;2026-09-09 09:06:35;83%;30865;24117;901;95%;true;1909;0.23327392;;;;;95.4899;;
2026-09-10 00:18:20;2026-09-10 08:26:41;94%;29301;24117;3213;95%;false;0;0.1228627;;;;;44.27512;26-09-10 08:10:00;26-09-10 08:30:00
2026-09-11 20:54:57;2026-09-12 08:55:47;100%;43250;36491;2072;80%;false;0;0.58265895;;;;;47.00453;;
2026-09-13 22:50:30;2026-09-14 08:54:34;98%;36243;32016;390;84%;false;0;0.19865905;;;;;61.25293;26-09-14 08:40:00;26-09-14 09:00:00